Niveau hiérarchique de la ligne,Catégorie,Section,Ligne de prévision,Ligne d'exécution,LFI,LFR/LFG,Total des prévisions,Total des recouvrements,Total des recettes**
0,Recettes fiscales,11 - Impôt sur le revenu,1101 - Impôt sur le revenu,,93364477675,-5196509310,88167968365,0,0
1,Recettes fiscales,11 - Impôt sur le revenu,1101 - Impôt sur le revenu,110101 - Créances antérieures à 1998,0,0,0,"10690400,58",0
1,Recettes fiscales,11 - Impôt sur le revenu,1101 - Impôt sur le revenu,110102 - Créances postérieures à 1997,0,0,0,"20351153626,92",0
1,Recettes fiscales,11 - Impôt sur le revenu,1101 - Impôt sur le revenu,110103 - Imposition des plus-values - Prélèvement dû par les particuliers (CGI art 200B),0,0,0,"877951117,68",0
1,Recettes fiscales,11 - Impôt sur le revenu,1101 - Impôt sur le revenu,110104 - Prélèvement à la source obligatoire non libératoire sur les dividendes et revenus assimilés et sur les produits de placement à revenu fixe,0,0,0,"7505597039,77",0
1,Recettes fiscales,11 - Impôt sur le revenu,1101 - Impôt sur le revenu,110105 - Prélèvement à la source - acompte contemporain et acompte de confidentialité,0,0,0,19105257999,0
1,Recettes fiscales,11 - Impôt sur le revenu,1101 - Impôt sur le revenu,110106 - Prélèvement à la source - Collecteurs,0,0,0,"58692450393,66",0
1,Recettes fiscales,11 - Impôt sur le revenu,1101 - Impôt sur le revenu,110107 - Prélèvement à la source - DGFIP payeur,0,0,0,"7907683474,31",0
2,Recettes fiscales,11 - Impôt sur le revenu,1101 - Impôt sur le revenu (total),1101 - Impôt sur le revenu (total),93364477675,-5196509310,88167968365,"114450784051,92",0
3,Recettes fiscales,11 - Impôt sur le revenu (total),11 - Impôt sur le revenu (total),11 - Impôt sur le revenu (total),93364477675,-5196509310,88167968365,"114450784051,92","87987247678,47"
0,Recettes fiscales,12 - Autres impôts directs perçus par voie d'émission de rôles,1201 - Autres impôts directs perçus par voie d'émission de rôles,,2632399489,215900511,2848300000,0,0
1,Recettes fiscales,12 - Autres impôts directs perçus par voie d'émission de rôles,1201 - Autres impôts directs perçus par voie d'émission de rôles,120101 - Autres impôts d'État Créances antérieures à 1998,0,0,0,"3724458,38",0
1,Recettes fiscales,12 - Autres impôts directs perçus par voie d'émission de rôles,1201 - Autres impôts directs perçus par voie d'émission de rôles,120102 - Autres impôts d'État Créances postérieures à 1997,0,0,0,"884242696,12",0
1,Recettes fiscales,12 - Autres impôts directs perçus par voie d'émission de rôles,1201 - Autres impôts directs perçus par voie d'émission de rôles,120103 - Autres impôts d'État - Produits compris dans les rôles d'impôts locaux (créances postérieures à 1997),0,0,0,"398527032,57",0
1,Recettes fiscales,12 - Autres impôts directs perçus par voie d'émission de rôles,1201 - Autres impôts directs perçus par voie d'émission de rôles,120106 - Autres impôts d'État - Produits compris dans les rôles de taxe sur les logements vacants,0,0,0,"12124664,07",0
1,Recettes fiscales,12 - Autres impôts directs perçus par voie d'émission de rôles,1201 - Autres impôts directs perçus par voie d'émission de rôles,120107 - Frais d'assiette et de recouvrement des impôts sur rôles établis au profit des collectivités territoriales pour les produits compris dans les rôles d'IR,0,0,0,"180521355,19",0
1,Recettes fiscales,12 - Autres impôts directs perçus par voie d'émission de rôles,1201 - Autres impôts directs perçus par voie d'émission de rôles,120108 - Frais d'assiette et de recouvrement des impôts sur rôles établis au profit des collectivités territoriales pour les produits compris dans les rôles d'impôts locaux,0,0,0,"344212419,33",0
1,Recettes fiscales,12 - Autres impôts directs perçus par voie d'émission de rôles,1201 - Autres impôts directs perçus par voie d'émission de rôles,120115 - Frais d'assiette et de recouvrement sur le produit de la taxe sur les surfaces commerciales,0,0,0,"20,82",0
1,Recettes fiscales,12 - Autres impôts directs perçus par voie d'émission de rôles,1201 - Autres impôts directs perçus par voie d'émission de rôles,120116 - Autres impôts d'État Produit de la CVAE-La Poste,0,0,0,231548,0
1,Recettes fiscales,12 - Autres impôts directs perçus par voie d'émission de rôles,1201 - Autres impôts directs perçus par voie d'émission de rôles,120119 - Frais d'assiette et de recouvrement sur le produit de la TASCOM due au titre de 2011 et ultérieures,0,0,0,"15460199,55",0
1,Recettes fiscales,12 - Autres impôts directs perçus par voie d'émission de rôles,1201 - Autres impôts directs perçus par voie d'émission de rôles,120121 - Autres impôts d'État (pénalités impôts économiques locaux),0,0,0,"14536430,35",0
1,Recettes fiscales,12 - Autres impôts directs perçus par voie d'émission de rôles,1201 - Autres impôts directs perçus par voie d'émission de rôles,120123 - Frais PS PAS,0,0,0,158938614,0
1,Recettes fiscales,12 - Autres impôts directs perçus par voie d'émission de rôles,1201 - Autres impôts directs perçus par voie d'émission de rôles,120124 - Reprise des frais de gestion de la TFPB (art 81 LFI 2019),0,0,0,114239787,0
2,Recettes fiscales,12 - Autres impôts directs perçus par voie d'émission de rôles,1201 - Autres impôts directs perçus par voie d'émission de rôles (total),1201 - Autres impôts directs perçus par voie d'émission de rôles (total),2632399489,215900511,2848300000,"2126759225,38",0
3,Recettes fiscales,12 - Autres impôts directs perçus par voie d'émission de rôles (total),12 - Autres impôts directs perçus par voie d'émission de rôles (total),12 - Autres impôts directs perçus par voie d'émission de rôles (total),2632399489,215900511,2848300000,"2126759225,38","2126759225,38"
0,Recettes fiscales,13 - Impôt sur les sociétés,1301 - Impôt sur les sociétés,,72046845041,-14346898081,57699946960,0,0
1,Recettes fiscales,13 - Impôt sur les sociétés,1301 - Impôt sur les sociétés,130101 - Pénalités,0,0,0,"282579631,13",0
1,Recettes fiscales,13 - Impôt sur les sociétés,1301 - Impôt sur les sociétés,130102 - Impôt sur les sociétés perçu par voie de rôles,0,0,0,"4425937,93",0
1,Recettes fiscales,13 - Impôt sur les sociétés,1301 - Impôt sur les sociétés,130103 - Impôt sur les sociétés sur PEC,0,0,0,"2895756532,59",0
1,Recettes fiscales,13 - Impôt sur les sociétés,1301 - Impôt sur les sociétés,130104 - Impôt sur les sociétés perçu sans rôle Ex N-2,0,0,0,"2558427205,19",0
1,Recettes fiscales,13 - Impôt sur les sociétés,1301 - Impôt sur les sociétés,130105 - Impôt sur les sociétés perçu sans rôle Ex N-1,0,0,0,"13223211707,22",0
1,Recettes fiscales,13 - Impôt sur les sociétés,1301 - Impôt sur les sociétés,130106 - Impôt sur les sociétés perçu sans rôle Ex N,0,0,0,"63490403235,7",0
1,Recettes fiscales,13 - Impôt sur les sociétés,1301 - Impôt sur les sociétés,130107 - Contribution IS sur PEC,0,0,0,"28784966,03",0
1,Recettes fiscales,13 - Impôt sur les sociétés,1301 - Impôt sur les sociétés,130108 - Contribution IS Ex N-2,0,0,0,51648,0
1,Recettes fiscales,13 - Impôt sur les sociétés,1301 - Impôt sur les sociétés,130111 - Contribution annuelle représentative du droit au bail,0,0,0,"388,35",0
1,Recettes fiscales,13 - Impôt sur les sociétés,1301 - Impôt sur les sociétés,130112 - Contribution sur les revenus locatifs,0,0,0,"761574438,06",0
1,Recettes fiscales,13 - Impôt sur les sociétés,1301 - Impôt sur les sociétés,130113 - Imposition forfaitaire annuelle à laquelle sont assujetties les personnes morales passibles de l'impôt sur les sociétés,0,0,0,"441973,63",0
1,Recettes fiscales,13 - Impôt sur les sociétés,1301 - Impôt sur les sociétés,"130114 - Contribution temporaire de solidarité applicable aux entreprises des secteurs du pétrole, du charbon, du raffinage et du gaz",0,0,0,"7343322,88",0
2,Recettes fiscales,13 - Impôt sur les sociétés,1301 - Impôt sur les sociétés (total),1301 - Impôt sur les sociétés (total),72046845041,-14346898081,57699946960,"83253000986,71",0
0,Recettes fiscales,13 - Impôt sur les sociétés,1302 - Contribution sociale sur les bénéfices des sociétés,,1741600000,-150600000,1591000000,0,0
1,Recettes fiscales,13 - Impôt sur les sociétés,1302 - Contribution sociale sur les bénéfices des sociétés,130201 - CSB Ex N-2,0,0,0,16811767,0
1,Recettes fiscales,13 - Impôt sur les sociétés,1302 - Contribution sociale sur les bénéfices des sociétés,130202 - CSB Ex N-1,0,0,0,281525396,0
1,Recettes fiscales,13 - Impôt sur les sociétés,1302 - Contribution sociale sur les bénéfices des sociétés,130203 - CSB Ex N,0,0,0,1138325493,0
1,Recettes fiscales,13 - Impôt sur les sociétés,1302 - Contribution sociale sur les bénéfices des sociétés,"130204 - CSB perçue par voie de titre, rôle ou AMR",0,0,0,"59410324,57",0
1,Recettes fiscales,13 - Impôt sur les sociétés,1302 - Contribution sociale sur les bénéfices des sociétés,130205 - Pénalités,0,0,0,"6440936,15",0
1,Recettes fiscales,13 - Impôt sur les sociétés,1302 - Contribution sociale sur les bénéfices des sociétés,130206 - CSB perçue suite à la mise en œuvre de la procédure L62 du LPF,0,0,0,16847154,0
2,Recettes fiscales,13 - Impôt sur les sociétés,1302 - Contribution sociale sur les bénéfices des sociétés (total),1302 - Contribution sociale sur les bénéfices des sociétés (total),1741600000,-150600000,1591000000,"1519361070,72",0
0,Recettes fiscales,13 - Impôt sur les sociétés,1303 - Contribution de la Caisse des dépôts et consignations représentative de l'impôt sur les sociétés,,341000000,119000000,460000000,0,0
1,Recettes fiscales,13 - Impôt sur les sociétés,1303 - Contribution de la Caisse des dépôts et consignations représentative de l'impôt sur les sociétés,130301 - Contribution de la Caisse des dépôts et consignations représentative de l'impôt sur les sociétés,0,0,0,459572227,0
2,Recettes fiscales,13 - Impôt sur les sociétés,1303 - Contribution de la Caisse des dépôts et consignations représentative de l'impôt sur les sociétés (total),1303 - Contribution de la Caisse des dépôts et consignations représentative de l'impôt sur les sociétés (total),341000000,119000000,460000000,459572227,0
3,Recettes fiscales,13 - Impôt sur les sociétés (total),13 - Impôt sur les sociétés (total),13 - Impôt sur les sociétés (total),74129445041,-14378498081,59750946960,"85231934284,43","59399055048,61"
0,Recettes fiscales,14 - Autres impôts directs et taxes assimilées,1401 - Retenues à la source sur certains bénéfices non commerciaux et de l'impôt sur le revenu,,1080000000,320000000,1400000000,0,0
1,Recettes fiscales,14 - Autres impôts directs et taxes assimilées,1401 - Retenues à la source sur certains bénéfices non commerciaux et de l'impôt sur le revenu,140101 - Retenues à la source sur certains bénéfices non commerciaux et de l'impôt sur le revenu,0,0,0,"1205496933,83",0
1,Recettes fiscales,14 - Autres impôts directs et taxes assimilées,1401 - Retenues à la source sur certains bénéfices non commerciaux et de l'impôt sur le revenu,140102 - Prélèvement libératoire forfaitaire de l'impôt sur le revenu pour les très petites entreprises (flat tax),0,0,0,"213672361,72",0
2,Recettes fiscales,14 - Autres impôts directs et taxes assimilées,1401 - Retenues à la source sur certains bénéfices non commerciaux et de l'impôt sur le revenu (total),1401 - Retenues à la source sur certains bénéfices non commerciaux et de l'impôt sur le revenu (total),1080000000,320000000,1400000000,"1419169295,55",0
0,Recettes fiscales,14 - Autres impôts directs et taxes assimilées,1402 - Retenues à la source et prélèvements sur les revenus de capitaux mobiliers et le prélèvement sur les bons anonymes,,4800000000,100000000,4900000000,0,0
1,Recettes fiscales,14 - Autres impôts directs et taxes assimilées,1402 - Retenues à la source et prélèvements sur les revenus de capitaux mobiliers et le prélèvement sur les bons anonymes,140201 - Retenues à la source et prélèvements sur les revenus de capitaux mobiliers et le prélèvement sur les bons anonymes,0,0,0,"4541847073,91",0
2,Recettes fiscales,14 - Autres impôts directs et taxes assimilées,1402 - Retenues à la source et prélèvements sur les revenus de capitaux mobiliers et le prélèvement sur les bons anonymes (total),1402 - Retenues à la source et prélèvements sur les revenus de capitaux mobiliers et le prélèvement sur les bons anonymes (total),4800000000,100000000,4900000000,"4541847073,91",0
1,Recettes fiscales,14 - Autres impôts directs et taxes assimilées,1404 - Précompte dû par les sociétés au titre de certains bénéfices distribués (loi n°65-566 du 12 juillet 1965 art 3),"140401 - Précompte dû par les sociétés au titre de certains bénéfices distribués (loi °65-566 du 12 juillet 1965, art 3)",0,0,0,"23276,39",0
2,Recettes fiscales,14 - Autres impôts directs et taxes assimilées,1404 - Précompte dû par les sociétés au titre de certains bénéfices distribués (loi n°65-566 du 12 juillet 1965 art 3) (total),1404 - Précompte dû par les sociétés au titre de certains bénéfices distribués (loi n°65-566 du 12 juillet 1965 art 3) (total),0,0,0,"23276,39",0
0,Recettes fiscales,14 - Autres impôts directs et taxes assimilées,1405 - Prélèvement exceptionnel de 25% sur les distributions de bénéfices,,0,1135409,1135409,0,0
1,Recettes fiscales,14 - Autres impôts directs et taxes assimilées,1405 - Prélèvement exceptionnel de 25% sur les distributions de bénéfices,140501 - Prélèvement exceptionnel de 25% sur les distributions de bénéfices,0,0,0,160500,0
2,Recettes fiscales,14 - Autres impôts directs et taxes assimilées,1405 - Prélèvement exceptionnel de 25% sur les distributions de bénéfices (total),1405 - Prélèvement exceptionnel de 25% sur les distributions de bénéfices (total),0,1135409,1135409,160500,0
0,Recettes fiscales,14 - Autres impôts directs et taxes assimilées,1406 - Impôt sur la fortune immobilière,,2439000000,213357061,2652357061,0,0
1,Recettes fiscales,14 - Autres impôts directs et taxes assimilées,1406 - Impôt sur la fortune immobilière,140601 - Impôt de solidarité sur la fortune,0,0,0,"101377108,13",0
1,Recettes fiscales,14 - Autres impôts directs et taxes assimilées,1406 - Impôt sur la fortune immobilière,140602 - Majoration de 10% de l'impôt de solidarité sur la fortune,0,0,0,23135,0
1,Recettes fiscales,14 - Autres impôts directs et taxes assimilées,1406 - Impôt sur la fortune immobilière,140603 - Impôt de solidarité sur la fortune perçu par voie de rôle,0,0,0,"4265162,37",0
1,Recettes fiscales,14 - Autres impôts directs et taxes assimilées,1406 - Impôt sur la fortune immobilière,"140605 - Prélèvement sur les biens, droits et produits placés dans un trust- Art 990J du CGI",0,0,0,"66298158,99",0
1,Recettes fiscales,14 - Autres impôts directs et taxes assimilées,1406 - Impôt sur la fortune immobilière,140606 - Impôt sur la fortune immobilière,0,0,0,"2567360650,88",0
2,Recettes fiscales,14 - Autres impôts directs et taxes assimilées,1406 - Impôt sur la fortune immobilière (total),1406 - Impôt sur la fortune immobilière (total),2439000000,213357061,2652357061,"2739324215,37",0
0,Recettes fiscales,14 - Autres impôts directs et taxes assimilées,"1407 - Taxe sur les locaux à usage de bureaux, les locaux commerciaux et de stockage",,15000000,1666583,16666583,0,0
1,Recettes fiscales,14 - Autres impôts directs et taxes assimilées,"1407 - Taxe sur les locaux à usage de bureaux, les locaux commerciaux et de stockage","140702 - Taxe sur les locaux à usage de bureaux, les locaux commerciaux, les locaux de stockage et les surfaces de stationnement annexées. Reliquat SGP",0,0,0,"27169764,06",0
2,Recettes fiscales,14 - Autres impôts directs et taxes assimilées,"1407 - Taxe sur les locaux à usage de bureaux, les locaux commerciaux et de stockage (total)","1407 - Taxe sur les locaux à usage de bureaux, les locaux commerciaux et de stockage (total)",15000000,1666583,16666583,"27169764,06",0
0,Recettes fiscales,14 - Autres impôts directs et taxes assimilées,1408 - Prélèvements sur les entreprises d'assurance,,162000000,-7362889,154637111,0,0
1,Recettes fiscales,14 - Autres impôts directs et taxes assimilées,1408 - Prélèvements sur les entreprises d'assurance,140801 - Prélèvements sur les entreprises d'assurance,0,0,0,"159636265,87",0
2,Recettes fiscales,14 - Autres impôts directs et taxes assimilées,1408 - Prélèvements sur les entreprises d'assurance (total),1408 - Prélèvements sur les entreprises d'assurance (total),162000000,-7362889,154637111,"159636265,87",0
0,Recettes fiscales,14 - Autres impôts directs et taxes assimilées,1410 - Cotisation minimale de taxe professionnelle,,1000000,-177172,822828,0,0
1,Recettes fiscales,14 - Autres impôts directs et taxes assimilées,1410 - Cotisation minimale de taxe professionnelle,141001 - Cotisation minimale de taxe professionnelle,0,0,0,"702958,94",0
2,Recettes fiscales,14 - Autres impôts directs et taxes assimilées,1410 - Cotisation minimale de taxe professionnelle (total),1410 - Cotisation minimale de taxe professionnelle (total),1000000,-177172,822828,"702958,94",0
0,Recettes fiscales,14 - Autres impôts directs et taxes assimilées,1411 - Cotisations perçues au titre de la participation des employeurs à l'effort de construction,,34000000,-7576837,26423163,0,0
1,Recettes fiscales,14 - Autres impôts directs et taxes assimilées,1411 - Cotisations perçues au titre de la participation des employeurs à l'effort de construction,141102 - Cotisations perçues au titre de la participation des employeurs à l'effort de construction (sur les rémunérations versées après le 1er janvier 2000),0,0,0,"26245117,12",0
2,Recettes fiscales,14 - Autres impôts directs et taxes assimilées,1411 - Cotisations perçues au titre de la participation des employeurs à l'effort de construction (total),1411 - Cotisations perçues au titre de la participation des employeurs à l'effort de construction (total),34000000,-7576837,26423163,"26245117,12",0
0,Recettes fiscales,14 - Autres impôts directs et taxes assimilées,1412 - Taxe de participation des employeurs au financement de la formation professionnelle continue,,42000000,2249467,44249467,0,0
1,Recettes fiscales,14 - Autres impôts directs et taxes assimilées,1412 - Taxe de participation des employeurs au financement de la formation professionnelle continue,141201 - Taxe de participation des employeurs au financement de la formation professionnelle continue,0,0,0,"33129508,99",0
2,Recettes fiscales,14 - Autres impôts directs et taxes assimilées,1412 - Taxe de participation des employeurs au financement de la formation professionnelle continue (total),1412 - Taxe de participation des employeurs au financement de la formation professionnelle continue (total),42000000,2249467,44249467,"33129508,99",0
0,Recettes fiscales,14 - Autres impôts directs et taxes assimilées,"1413 - Taxe forfaitaire sur les métaux précieux, les bijoux, les objets d'art, de collection et d'antiquité",,123000000,-7308091,115691909,0,0
1,Recettes fiscales,14 - Autres impôts directs et taxes assimilées,"1413 - Taxe forfaitaire sur les métaux précieux, les bijoux, les objets d'art, de collection et d'antiquité","141301 - Taxe forfaitaire sur les métaux précieux, les bijoux, les objets d'art, de collection et d'antiquité",0,0,0,"141977667,74",0
2,Recettes fiscales,14 - Autres impôts directs et taxes assimilées,"1413 - Taxe forfaitaire sur les métaux précieux, les bijoux, les objets d'art, de collection et d'antiquité (total)","1413 - Taxe forfaitaire sur les métaux précieux, les bijoux, les objets d'art, de collection et d'antiquité (total)",123000000,-7308091,115691909,"141977667,74",0
1,Recettes fiscales,14 - Autres impôts directs et taxes assimilées,1415 - Contribution des institutions financières,141501 - Contribution des institutions financières,0,0,0,55335,0
2,Recettes fiscales,14 - Autres impôts directs et taxes assimilées,1415 - Contribution des institutions financières (total),1415 - Contribution des institutions financières (total),0,0,0,55335,0
0,Recettes fiscales,14 - Autres impôts directs et taxes assimilées,1416 - Taxe sur les surfaces commerciales,,226000000,1942530,227942530,0,0
1,Recettes fiscales,14 - Autres impôts directs et taxes assimilées,1416 - Taxe sur les surfaces commerciales,141601 - Taxe sur les surfaces commerciales,0,0,0,"14744,04",0
1,Recettes fiscales,14 - Autres impôts directs et taxes assimilées,1416 - Taxe sur les surfaces commerciales,141602 - Taxe additionnelle à la TASCOM,0,0,0,196060,0
1,Recettes fiscales,14 - Autres impôts directs et taxes assimilées,1416 - Taxe sur les surfaces commerciales,141603 - Majoration de 50% de la TASCOM pour les grandes surfaces,0,0,0,"227968305,6",0
2,Recettes fiscales,14 - Autres impôts directs et taxes assimilées,1416 - Taxe sur les surfaces commerciales (total),1416 - Taxe sur les surfaces commerciales (total),226000000,1942530,227942530,"228179109,64",0
0,Recettes fiscales,14 - Autres impôts directs et taxes assimilées,1421 - Cotisation nationale de péréquation de taxe professionnelle,,1000000,204927,1204927,0,0
1,Recettes fiscales,14 - Autres impôts directs et taxes assimilées,1421 - Cotisation nationale de péréquation de taxe professionnelle,142101 - Reversement au budget général de diverses ressources affectées,0,0,0,984443,0
2,Recettes fiscales,14 - Autres impôts directs et taxes assimilées,1421 - Cotisation nationale de péréquation de taxe professionnelle (total),1421 - Cotisation nationale de péréquation de taxe professionnelle (total),1000000,204927,1204927,984443,0
0,Recettes fiscales,14 - Autres impôts directs et taxes assimilées,1427 - Prélèvements de solidarité,,15210000000,-425090272,14784909728,0,0
1,Recettes fiscales,14 - Autres impôts directs et taxes assimilées,1427 - Prélèvements de solidarité,142701 - Prélèvements de solidarité patrimoine,0,0,0,"3203284844,17",0
1,Recettes fiscales,14 - Autres impôts directs et taxes assimilées,1427 - Prélèvements de solidarité,142702 - Prélèvements de solidarité placement,0,0,0,"8789897016,68",0
1,Recettes fiscales,14 - Autres impôts directs et taxes assimilées,1427 - Prélèvements de solidarité,142703 - Prélèvements de solidarité - Prélèvement à la source IR-CS,0,0,0,2997333629,0
2,Recettes fiscales,14 - Autres impôts directs et taxes assimilées,1427 - Prélèvements de solidarité (total),1427 - Prélèvements de solidarité (total),15210000000,-425090272,14784909728,"14990515489,85",0
0,Recettes fiscales,14 - Autres impôts directs et taxes assimilées,1430 - Taxe sur les services numériques,,800000000,-44000000,756000000,0,0
1,Recettes fiscales,14 - Autres impôts directs et taxes assimilées,1430 - Taxe sur les services numériques,143001 - Taxe sur les services numériques,0,0,0,785467072,0
2,Recettes fiscales,14 - Autres impôts directs et taxes assimilées,1430 - Taxe sur les services numériques (total),1430 - Taxe sur les services numériques (total),800000000,-44000000,756000000,785467072,0
0,Recettes fiscales,14 - Autres impôts directs et taxes assimilées,1431 - Taxe d'habitation sur les résidences principales,,180000000,-33000000,147000000,0,0
1,Recettes fiscales,14 - Autres impôts directs et taxes assimilées,1431 - Taxe d'habitation sur les résidences principales,143101 - Taxe d'habitation sur les résidences principales,0,0,0,"94066938,08",0
2,Recettes fiscales,14 - Autres impôts directs et taxes assimilées,1431 - Taxe d'habitation sur les résidences principales (total),1431 - Taxe d'habitation sur les résidences principales (total),180000000,-33000000,147000000,"94066938,08",0
0,Recettes fiscales,14 - Autres impôts directs et taxes assimilées,1497 - Cotisation sur la valeur ajoutée des entreprises (affectation temporaire à l'État),,4160000000,130663216,4290663216,0,0
1,Recettes fiscales,14 - Autres impôts directs et taxes assimilées,1497 - Cotisation sur la valeur ajoutée des entreprises (affectation temporaire à l'État),149701 - Cotisation sur la valeur ajoutée des entreprises (affectation temporaire à l'État),0,0,0,793375,0
1,Recettes fiscales,14 - Autres impôts directs et taxes assimilées,1497 - Cotisation sur la valeur ajoutée des entreprises (affectation temporaire à l'État),149702 - Reliquats de cotisations sur la valeur ajoutée des entreprises revenant à l'État (Réforme des impôts de production de la LFI 2021),0,0,0,"4263785530,68",0
2,Recettes fiscales,14 - Autres impôts directs et taxes assimilées,1497 - Cotisation sur la valeur ajoutée des entreprises (affectation temporaire à l'État) (total),1497 - Cotisation sur la valeur ajoutée des entreprises (affectation temporaire à l'État) (total),4160000000,130663216,4290663216,"4264578905,68",0
0,Recettes fiscales,14 - Autres impôts directs et taxes assimilées,1498 - Cotisation foncière des entreprises (affectation temporaire à l'État en 2010),,1000000,1292405,2292405,0,0
1,Recettes fiscales,14 - Autres impôts directs et taxes assimilées,1498 - Cotisation foncière des entreprises (affectation temporaire à l'État en 2010),149801 - Cotisation foncière des entreprises (affectation temporaire à l'État pour la période d'imposition 2010),0,0,0,"792377,74",0
2,Recettes fiscales,14 - Autres impôts directs et taxes assimilées,1498 - Cotisation foncière des entreprises (affectation temporaire à l'État en 2010) (total),1498 - Cotisation foncière des entreprises (affectation temporaire à l'État en 2010) (total),1000000,1292405,2292405,"792377,74",0
0,Recettes fiscales,14 - Autres impôts directs et taxes assimilées,1499 - Recettes diverses,,1009750000,243299340,1253049340,0,0
1,Recettes fiscales,14 - Autres impôts directs et taxes assimilées,1499 - Recettes diverses,149901 - Prélèvements sur les bénéfices tirés de la construction immobilière (loi n°63-254 du 15 mars 1963 art 28-IV),0,0,0,"52664473,1",0
1,Recettes fiscales,14 - Autres impôts directs et taxes assimilées,1499 - Recettes diverses,149903 - Recettes diverses,0,0,0,"161139458,38",0
1,Recettes fiscales,14 - Autres impôts directs et taxes assimilées,1499 - Recettes diverses,149904 - Taxe due par les opérateurs de communications électroniques,0,0,0,"236322871,51",0
1,Recettes fiscales,14 - Autres impôts directs et taxes assimilées,1499 - Recettes diverses,149908 - Taxe exceptionnelle de solidarité sur les hautes rémunérations,0,0,0,"1662658,22",0
1,Recettes fiscales,14 - Autres impôts directs et taxes assimilées,1499 - Recettes diverses,149910 - Taxe annuelle sur les logements vacants,0,0,0,"920831834,1",0
1,Recettes fiscales,14 - Autres impôts directs et taxes assimilées,1499 - Recettes diverses,149922 - Contribution additionnelle à l'IS sur les montants de dividendes distribués,0,0,0,703555,0
1,Recettes fiscales,14 - Autres impôts directs et taxes assimilées,1499 - Recettes diverses,149923 - Taxe spéciale d'équipement. Reliquat SGP,0,0,0,1112358,0
1,Recettes fiscales,14 - Autres impôts directs et taxes assimilées,1499 - Recettes diverses,149929 - Taxe sur les plus values de cessions d'immeubles autres que des terrains à bâtir. Reliquat Fonds géré par la Caisse de garantie du logement social locatif,0,0,0,"72473155,96",0
1,Recettes fiscales,14 - Autres impôts directs et taxes assimilées,1499 - Recettes diverses,149930 - Taxe sur la cession à titre onéreux de terrains nus rendus constructibles. Reliquat ASP,0,0,0,"4373410,77",0
1,Recettes fiscales,14 - Autres impôts directs et taxes assimilées,1499 - Recettes diverses,149931 - TCA- TFPNB. Reliquat chambres d'agriculture,0,0,0,458393,0
1,Recettes fiscales,14 - Autres impôts directs et taxes assimilées,1499 - Recettes diverses,149932 - TA-CFE. Reliquat chambres de commerce et d'industrie de région,0,0,0,7447977,0
1,Recettes fiscales,14 - Autres impôts directs et taxes assimilées,1499 - Recettes diverses,149933 - TA-CFE. Reliquat chambres régionales de métiers et d'artisanat,0,0,0,51109804,0
1,Recettes fiscales,14 - Autres impôts directs et taxes assimilées,1499 - Recettes diverses,149935 - TA-CVAE. Reliquat chambres de commerce et d'industrie de région,0,0,0,69683345,0
1,Recettes fiscales,14 - Autres impôts directs et taxes assimilées,1499 - Recettes diverses,149938 - Contribution au redressement des finances publiques,0,0,0,62718153,0
1,Recettes fiscales,14 - Autres impôts directs et taxes assimilées,1499 - Recettes diverses,149939 - Taxe spéciale d'équipement. Reliquat établissements publics fonciers et agences pour la mise en valeur des espaces urbains de la zone dite des cinquante pas géométriques,0,0,0,254904,0
1,Recettes fiscales,14 - Autres impôts directs et taxes assimilées,1499 - Recettes diverses,149941 - Frais d'inscription au registre des exploitants de voitures de transport avec chauffeur,0,0,0,3637490,0
1,Recettes fiscales,14 - Autres impôts directs et taxes assimilées,1499 - Recettes diverses,149942 - Indemnité de défrichement-Reliquat ASP,0,0,0,"2330067,6",0
1,Recettes fiscales,14 - Autres impôts directs et taxes assimilées,1499 - Recettes diverses,149949 - Taxe additionnelle spéciale annuelle au profit de la région d'Ile-de-France (art 1599 quater D du CGI)- plafonnement,0,0,0,777220,0
1,Recettes fiscales,14 - Autres impôts directs et taxes assimilées,1499 - Recettes diverses,149954 - Contribution de solidarité territoriale (à compter du 01/01/2021),0,0,0,"965,13",0
1,Recettes fiscales,14 - Autres impôts directs et taxes assimilées,1499 - Recettes diverses,149955 - Taxe sur le résultat des entreprises ferroviaires (à compter du 01/01/2021),0,0,0,6780,0
2,Recettes fiscales,14 - Autres impôts directs et taxes assimilées,1499 - Recettes diverses (total),1499 - Recettes diverses (total),1009750000,243299340,1253049340,"1649708873,77",0
3,Recettes fiscales,14 - Autres impôts directs et taxes assimilées (total),14 - Autres impôts directs et taxes assimilées (total),14 - Autres impôts directs et taxes assimilées (total),30283750000,491295677,30775045677,"31103734188,7","31103734188,7"
0,Recettes fiscales,15 - Taxe intérieure de consommation sur les produits énergétiques,1501 - Taxe intérieure de consommation sur les produits énergétiques,,15390076908,534761715,15924838623,0,0
1,Recettes fiscales,15 - Taxe intérieure de consommation sur les produits énergétiques,1501 - Taxe intérieure de consommation sur les produits énergétiques,150101 - Taxe intérieure de consommation sur les produits énergétiques,0,0,0,"17977526920,95",0
2,Recettes fiscales,15 - Taxe intérieure de consommation sur les produits énergétiques,1501 - Taxe intérieure de consommation sur les produits énergétiques (total),1501 - Taxe intérieure de consommation sur les produits énergétiques (total),15390076908,534761715,15924838623,"17977526920,95",0
3,Recettes fiscales,15 - Taxe intérieure de consommation sur les produits énergétiques (total),15 - Taxe intérieure de consommation sur les produits énergétiques (total),15 - Taxe intérieure de consommation sur les produits énergétiques (total),15390076908,534761715,15924838623,"17977526920,95","15969195151,58"
0,Recettes fiscales,16 - Taxe sur la valeur ajoutée,1601 - Taxe sur la valeur ajoutée,,100805811240,-5170282779,95635528461,0,0
1,Recettes fiscales,16 - Taxe sur la valeur ajoutée,1601 - Taxe sur la valeur ajoutée,160101 - Taxe sur la valeur ajoutée,0,0,0,"175305608966,89",0
2,Recettes fiscales,16 - Taxe sur la valeur ajoutée,1601 - Taxe sur la valeur ajoutée (total),1601 - Taxe sur la valeur ajoutée (total),100805811240,-5170282779,95635528461,"175305608966,89",0
3,Recettes fiscales,16 - Taxe sur la valeur ajoutée (total),16 - Taxe sur la valeur ajoutée (total),16 - Taxe sur la valeur ajoutée (total),100805811240,-5170282779,95635528461,"175305608966,89","96758573419,46"
0,Recettes fiscales,"17 - Enregistrement, timbre, autres contributions et taxes indirectes","1701 - Mutations à titre onéreux de créances, rentes, prix d'offices",,675000000,-133368501,541631499,0,0
1,Recettes fiscales,"17 - Enregistrement, timbre, autres contributions et taxes indirectes","1701 - Mutations à titre onéreux de créances, rentes, prix d'offices","170101 - Mutations à titre onéreux de créances, rentes, prix d'offices",0,0,0,"450572596,46",0
2,Recettes fiscales,"17 - Enregistrement, timbre, autres contributions et taxes indirectes","1701 - Mutations à titre onéreux de créances, rentes, prix d'offices (total)","1701 - Mutations à titre onéreux de créances, rentes, prix d'offices (total)",675000000,-133368501,541631499,"450572596,46",0
0,Recettes fiscales,"17 - Enregistrement, timbre, autres contributions et taxes indirectes",1702 - Mutations à titre onéreux de fonds de commerce,,231000000,19568933,250568933,0,0
1,Recettes fiscales,"17 - Enregistrement, timbre, autres contributions et taxes indirectes",1702 - Mutations à titre onéreux de fonds de commerce,170201 - Mutations à titre onéreux de fonds de commerce,0,0,0,"230577921,21",0
2,Recettes fiscales,"17 - Enregistrement, timbre, autres contributions et taxes indirectes",1702 - Mutations à titre onéreux de fonds de commerce (total),1702 - Mutations à titre onéreux de fonds de commerce (total),231000000,19568933,250568933,"230577921,21",0
0,Recettes fiscales,"17 - Enregistrement, timbre, autres contributions et taxes indirectes",1703 - Mutations à titre onéreux de meubles corporels,,0,767182,767182,0,0
1,Recettes fiscales,"17 - Enregistrement, timbre, autres contributions et taxes indirectes",1703 - Mutations à titre onéreux de meubles corporels,170301 - Mutations à titre onéreux de meubles corporels,0,0,0,228461,0
2,Recettes fiscales,"17 - Enregistrement, timbre, autres contributions et taxes indirectes",1703 - Mutations à titre onéreux de meubles corporels (total),1703 - Mutations à titre onéreux de meubles corporels (total),0,767182,767182,228461,0
0,Recettes fiscales,"17 - Enregistrement, timbre, autres contributions et taxes indirectes",1704 - Mutations à titre onéreux d'immeubles et droits immobiliers,,118000000,-23330006,94669994,0,0
1,Recettes fiscales,"17 - Enregistrement, timbre, autres contributions et taxes indirectes",1704 - Mutations à titre onéreux d'immeubles et droits immobiliers,170401 - Mutations à titre onéreux d'immeubles et droits immobiliers,0,0,0,"13983993,5",0
1,Recettes fiscales,"17 - Enregistrement, timbre, autres contributions et taxes indirectes",1704 - Mutations à titre onéreux d'immeubles et droits immobiliers,170402 - Recentralisation des DMTO locaux,0,0,0,"58037222,21",0
2,Recettes fiscales,"17 - Enregistrement, timbre, autres contributions et taxes indirectes",1704 - Mutations à titre onéreux d'immeubles et droits immobiliers (total),1704 - Mutations à titre onéreux d'immeubles et droits immobiliers (total),118000000,-23330006,94669994,"72021215,71",0
0,Recettes fiscales,"17 - Enregistrement, timbre, autres contributions et taxes indirectes",1705 - Mutations à titre gratuit entre vifs (donations),,3936000000,647870877,4583870877,0,0
1,Recettes fiscales,"17 - Enregistrement, timbre, autres contributions et taxes indirectes",1705 - Mutations à titre gratuit entre vifs (donations),170501 - Mutations à titre gratuit entre vifs (donations),0,0,0,"4947164660,65",0
2,Recettes fiscales,"17 - Enregistrement, timbre, autres contributions et taxes indirectes",1705 - Mutations à titre gratuit entre vifs (donations) (total),1705 - Mutations à titre gratuit entre vifs (donations) (total),3936000000,647870877,4583870877,"4947164660,65",0
0,Recettes fiscales,"17 - Enregistrement, timbre, autres contributions et taxes indirectes",1706 - Mutations à titre gratuit par décès,,15400000000,405000000,15805000000,0,0
1,Recettes fiscales,"17 - Enregistrement, timbre, autres contributions et taxes indirectes",1706 - Mutations à titre gratuit par décès,170601 - Mutations à titre gratuit par décès,0,0,0,"15965748901,14",0
2,Recettes fiscales,"17 - Enregistrement, timbre, autres contributions et taxes indirectes",1706 - Mutations à titre gratuit par décès (total),1706 - Mutations à titre gratuit par décès (total),15400000000,405000000,15805000000,"15965748901,14",0
0,Recettes fiscales,"17 - Enregistrement, timbre, autres contributions et taxes indirectes",1707 - Contribution de sécurité immobilière,,1022000000,-332911584,689088416,0,0
1,Recettes fiscales,"17 - Enregistrement, timbre, autres contributions et taxes indirectes",1707 - Contribution de sécurité immobilière,170701 - Contribution de sécurité immobilière,0,0,0,"692340539,03",0
2,Recettes fiscales,"17 - Enregistrement, timbre, autres contributions et taxes indirectes",1707 - Contribution de sécurité immobilière (total),1707 - Contribution de sécurité immobilière (total),1022000000,-332911584,689088416,"692340539,03",0
0,Recettes fiscales,"17 - Enregistrement, timbre, autres contributions et taxes indirectes",1711 - Autres conventions et actes civils,,528000000,-61432032,466567968,0,0
1,Recettes fiscales,"17 - Enregistrement, timbre, autres contributions et taxes indirectes",1711 - Autres conventions et actes civils,171101 - Taxe forfaitaire représentative des droits et frais payés par l'adjudicataire du droit de pêche et de chasse,0,0,0,980,0
1,Recettes fiscales,"17 - Enregistrement, timbre, autres contributions et taxes indirectes",1711 - Autres conventions et actes civils,171102 - Autres conventions et actes civils,0,0,0,"560346818,36",0
2,Recettes fiscales,"17 - Enregistrement, timbre, autres contributions et taxes indirectes",1711 - Autres conventions et actes civils (total),1711 - Autres conventions et actes civils (total),528000000,-61432032,466567968,"560347798,36",0
0,Recettes fiscales,"17 - Enregistrement, timbre, autres contributions et taxes indirectes",1713 - Taxe de publicité foncière,,656000000,-20061317,635938683,0,0
1,Recettes fiscales,"17 - Enregistrement, timbre, autres contributions et taxes indirectes",1713 - Taxe de publicité foncière,171301 - Taxe de publicité foncière,0,0,0,"590162844,53",0
2,Recettes fiscales,"17 - Enregistrement, timbre, autres contributions et taxes indirectes",1713 - Taxe de publicité foncière (total),1713 - Taxe de publicité foncière (total),656000000,-20061317,635938683,"590162844,53",0
0,Recettes fiscales,"17 - Enregistrement, timbre, autres contributions et taxes indirectes",1714 - Prélèvement sur les sommes versées par les organismes d'assurances et assimilés à raison des contrats d'assurances en cas de décès,,412000000,9090384,421090384,0,0
1,Recettes fiscales,"17 - Enregistrement, timbre, autres contributions et taxes indirectes",1714 - Prélèvement sur les sommes versées par les organismes d'assurances et assimilés à raison des contrats d'assurances en cas de décès,171401 - Prélèvement sur les sommes versées par les organismes d'assurances et assimilés à raison des contrats d'assurances en cas de décès,0,0,0,"457236137,21",0
2,Recettes fiscales,"17 - Enregistrement, timbre, autres contributions et taxes indirectes",1714 - Prélèvement sur les sommes versées par les organismes d'assurances et assimilés à raison des contrats d'assurances en cas de décès (total),1714 - Prélèvement sur les sommes versées par les organismes d'assurances et assimilés à raison des contrats d'assurances en cas de décès (total),412000000,9090384,421090384,"457236137,21",0
0,Recettes fiscales,"17 - Enregistrement, timbre, autres contributions et taxes indirectes",1716 - Recettes diverses et pénalités,,188000000,10075910,198075910,0,0
1,Recettes fiscales,"17 - Enregistrement, timbre, autres contributions et taxes indirectes",1716 - Recettes diverses et pénalités,171601 - Recettes diverses et pénalités,0,0,0,"308053253,75",0
2,Recettes fiscales,"17 - Enregistrement, timbre, autres contributions et taxes indirectes",1716 - Recettes diverses et pénalités (total),1716 - Recettes diverses et pénalités (total),188000000,10075910,198075910,"308053253,75",0
0,Recettes fiscales,"17 - Enregistrement, timbre, autres contributions et taxes indirectes",1721 - Timbre unique,,499000000,7129482,506129482,0,0
1,Recettes fiscales,"17 - Enregistrement, timbre, autres contributions et taxes indirectes",1721 - Timbre unique,172101 - Timbre unique,0,0,0,"8446791,7",0
1,Recettes fiscales,"17 - Enregistrement, timbre, autres contributions et taxes indirectes",1721 - Timbre unique,172102 - Timbre unique dématérialisé,0,0,0,"372075515,84",0
1,Recettes fiscales,"17 - Enregistrement, timbre, autres contributions et taxes indirectes",1721 - Timbre unique,172103 - Taxe pour la gestion des certificats d'immatriculation des véhicules. Reliquat ANTS,0,0,0,"8589569,28",0
2,Recettes fiscales,"17 - Enregistrement, timbre, autres contributions et taxes indirectes",1721 - Timbre unique (total),1721 - Timbre unique (total),499000000,7129482,506129482,"389111876,82",0
1,Recettes fiscales,"17 - Enregistrement, timbre, autres contributions et taxes indirectes",1723 - Actes et écrits assujettis au timbre de dimension,172302 - Actes et écrits assujettis au timbre de dimension,0,0,0,"1238,7",0
2,Recettes fiscales,"17 - Enregistrement, timbre, autres contributions et taxes indirectes",1723 - Actes et écrits assujettis au timbre de dimension (total),1723 - Actes et écrits assujettis au timbre de dimension (total),0,0,0,"1238,7",0
0,Recettes fiscales,"17 - Enregistrement, timbre, autres contributions et taxes indirectes",1726 - Produit de la taxe additionnelle à la taxe sur les certifications d'immatriculation des véhicules,,607000000,159473596,766473596,0,0
1,Recettes fiscales,"17 - Enregistrement, timbre, autres contributions et taxes indirectes",1726 - Produit de la taxe additionnelle à la taxe sur les certifications d'immatriculation des véhicules,172601 - Produit de la taxe additionnelle à la taxe sur les certifications d'immatriculation des véhicules,0,0,0,"805216633,5",0
2,Recettes fiscales,"17 - Enregistrement, timbre, autres contributions et taxes indirectes",1726 - Produit de la taxe additionnelle à la taxe sur les certifications d'immatriculation des véhicules (total),1726 - Produit de la taxe additionnelle à la taxe sur les certifications d'immatriculation des véhicules (total),607000000,159473596,766473596,"805216633,5",0
0,Recettes fiscales,"17 - Enregistrement, timbre, autres contributions et taxes indirectes",1752 - Contribution sur la rente inframarginale de la production d'électricité,,1120000000,33733333,1153733333,0,0
1,Recettes fiscales,"17 - Enregistrement, timbre, autres contributions et taxes indirectes",1752 - Contribution sur la rente inframarginale de la production d'électricité,175201 - Contribution sur la rente inframarginale de la production d'électricité,0,0,0,"1129965510,74",0
2,Recettes fiscales,"17 - Enregistrement, timbre, autres contributions et taxes indirectes",1752 - Contribution sur la rente inframarginale de la production d'électricité (total),1752 - Contribution sur la rente inframarginale de la production d'électricité (total),1120000000,33733333,1153733333,"1129965510,74",0
0,Recettes fiscales,"17 - Enregistrement, timbre, autres contributions et taxes indirectes",1753 - Autres taxes intérieures,,2059071000,2255728527,4314799527,0,0
1,Recettes fiscales,"17 - Enregistrement, timbre, autres contributions et taxes indirectes",1753 - Autres taxes intérieures,175301 - Autres taxes intérieures,0,0,0,3597874,0
1,Recettes fiscales,"17 - Enregistrement, timbre, autres contributions et taxes indirectes",1753 - Autres taxes intérieures,175302 - Taxe sur les appareils automatiques,0,0,0,"3250,5",0
1,Recettes fiscales,"17 - Enregistrement, timbre, autres contributions et taxes indirectes",1753 - Autres taxes intérieures,175303 - Taxe intérieure sur les consommations de gaz naturel (TICGN),0,0,0,"2802387510,15",0
1,Recettes fiscales,"17 - Enregistrement, timbre, autres contributions et taxes indirectes",1753 - Autres taxes intérieures,175304 - Taxe intérieure sur la consommation finale d'électricité,0,0,0,"1596371206,48",0
1,Recettes fiscales,"17 - Enregistrement, timbre, autres contributions et taxes indirectes",1753 - Autres taxes intérieures,175305 - Pénalités des taxes intérieures sur la consommation (TIC),0,0,0,"693534,6",0
2,Recettes fiscales,"17 - Enregistrement, timbre, autres contributions et taxes indirectes",1753 - Autres taxes intérieures (total),1753 - Autres taxes intérieures (total),2059071000,2255728527,4314799527,"4403053375,73",0
0,Recettes fiscales,"17 - Enregistrement, timbre, autres contributions et taxes indirectes",1754 - Autres droits et recettes accessoires,,5000000,-488081,4511919,0,0
1,Recettes fiscales,"17 - Enregistrement, timbre, autres contributions et taxes indirectes",1754 - Autres droits et recettes accessoires,175401 - Droit annuel sur le navire,0,0,0,"1221901,35",0
1,Recettes fiscales,"17 - Enregistrement, timbre, autres contributions et taxes indirectes",1754 - Autres droits et recettes accessoires,175403 - Redevance pour le financement des contrôles phytosanitaires à l'importation des végétaux,0,0,0,1809979,0
1,Recettes fiscales,"17 - Enregistrement, timbre, autres contributions et taxes indirectes",1754 - Autres droits et recettes accessoires,175404 - Redevance relative aux contrôles à l'importation d'aliments pour animaux et de denrées alimentaires d'origine non animale,0,0,0,1428065,0
2,Recettes fiscales,"17 - Enregistrement, timbre, autres contributions et taxes indirectes",1754 - Autres droits et recettes accessoires (total),1754 - Autres droits et recettes accessoires (total),5000000,-488081,4511919,"4459945,35",0
0,Recettes fiscales,"17 - Enregistrement, timbre, autres contributions et taxes indirectes",1755 - Amendes et confiscations,,48000000,-5988462,42011538,0,0
1,Recettes fiscales,"17 - Enregistrement, timbre, autres contributions et taxes indirectes",1755 - Amendes et confiscations,175501 - Amendes et confiscations,0,0,0,"42229634,61",0
2,Recettes fiscales,"17 - Enregistrement, timbre, autres contributions et taxes indirectes",1755 - Amendes et confiscations (total),1755 - Amendes et confiscations (total),48000000,-5988462,42011538,"42229634,61",0
0,Recettes fiscales,"17 - Enregistrement, timbre, autres contributions et taxes indirectes",1756 - Taxe générale sur les activités polluantes,,1318000000,-75000000,1243000000,0,0
1,Recettes fiscales,"17 - Enregistrement, timbre, autres contributions et taxes indirectes",1756 - Taxe générale sur les activités polluantes,175601 - Taxe générale sur les activités polluantes,0,0,0,"1150057988,63",0
2,Recettes fiscales,"17 - Enregistrement, timbre, autres contributions et taxes indirectes",1756 - Taxe générale sur les activités polluantes (total),1756 - Taxe générale sur les activités polluantes (total),1318000000,-75000000,1243000000,"1150057988,63",0
0,Recettes fiscales,"17 - Enregistrement, timbre, autres contributions et taxes indirectes",1761 - Taxe et droits de consommation sur les tabacs,,67000000,0,67000000,0,0
1,Recettes fiscales,"17 - Enregistrement, timbre, autres contributions et taxes indirectes",1761 - Taxe et droits de consommation sur les tabacs,176101 - Droits de consommation sur les tabacs,0,0,0,"48715145,19",0
2,Recettes fiscales,"17 - Enregistrement, timbre, autres contributions et taxes indirectes",1761 - Taxe et droits de consommation sur les tabacs (total),1761 - Taxe et droits de consommation sur les tabacs (total),67000000,0,67000000,"48715145,19",0
0,Recettes fiscales,"17 - Enregistrement, timbre, autres contributions et taxes indirectes",1768 - Taxe spéciale sur certains véhicules routiers,,176201739,-941019,175260720,0,0
1,Recettes fiscales,"17 - Enregistrement, timbre, autres contributions et taxes indirectes",1768 - Taxe spéciale sur certains véhicules routiers,176801 - Taxe à l'essieu (DGFIP). Taxe spéciale sur certains véhicules routiers (DGDDI),0,0,0,"168738385,4",0
2,Recettes fiscales,"17 - Enregistrement, timbre, autres contributions et taxes indirectes",1768 - Taxe spéciale sur certains véhicules routiers (total),1768 - Taxe spéciale sur certains véhicules routiers (total),176201739,-941019,175260720,"168738385,4",0
0,Recettes fiscales,"17 - Enregistrement, timbre, autres contributions et taxes indirectes",1769 - Autres droits et recettes à différents titres,,136845931,-18999556,117846375,0,0
1,Recettes fiscales,"17 - Enregistrement, timbre, autres contributions et taxes indirectes",1769 - Autres droits et recettes à différents titres,176901 - Autres droits et recettes à différents titres,0,0,0,"112820,99",0
1,Recettes fiscales,"17 - Enregistrement, timbre, autres contributions et taxes indirectes",1769 - Autres droits et recettes à différents titres,176904 - Taxe et droits de consommation sur les tabacs,0,0,0,200,0
1,Recettes fiscales,"17 - Enregistrement, timbre, autres contributions et taxes indirectes",1769 - Autres droits et recettes à différents titres,176905 - Garantie des matières d'or et d'argent,0,0,0,"3947,3",0
1,Recettes fiscales,"17 - Enregistrement, timbre, autres contributions et taxes indirectes",1769 - Autres droits et recettes à différents titres,176906 - Taxe sur les concessionnaires d'autoroutes,0,0,0,"235661797,14",0
2,Recettes fiscales,"17 - Enregistrement, timbre, autres contributions et taxes indirectes",1769 - Autres droits et recettes à différents titres (total),1769 - Autres droits et recettes à différents titres (total),136845931,-18999556,117846375,"235778765,43",0
0,Recettes fiscales,"17 - Enregistrement, timbre, autres contributions et taxes indirectes",1776 - Redevances sanitaires d'abattage et de découpage,,55000000,-5718532,49281468,0,0
1,Recettes fiscales,"17 - Enregistrement, timbre, autres contributions et taxes indirectes",1776 - Redevances sanitaires d'abattage et de découpage,177601 - Redevances sanitaires d'abattage et de découpage,0,0,0,"47158252,2",0
2,Recettes fiscales,"17 - Enregistrement, timbre, autres contributions et taxes indirectes",1776 - Redevances sanitaires d'abattage et de découpage (total),1776 - Redevances sanitaires d'abattage et de découpage (total),55000000,-5718532,49281468,"47158252,2",0
0,Recettes fiscales,"17 - Enregistrement, timbre, autres contributions et taxes indirectes",1777 - Taxe sur certaines dépenses de publicité,,17000000,912746,17912746,0,0
1,Recettes fiscales,"17 - Enregistrement, timbre, autres contributions et taxes indirectes",1777 - Taxe sur certaines dépenses de publicité,177701 - Produit de la taxe sur certaines dépenses de publicité,0,0,0,"14930714,5",0
2,Recettes fiscales,"17 - Enregistrement, timbre, autres contributions et taxes indirectes",1777 - Taxe sur certaines dépenses de publicité (total),1777 - Taxe sur certaines dépenses de publicité (total),17000000,912746,17912746,"14930714,5",0
1,Recettes fiscales,"17 - Enregistrement, timbre, autres contributions et taxes indirectes",1780 - Taxe de l'aviation civile,178001 - Part de la taxe de l'aviation civile affectée au budget de l'État,0,0,0,"395,64",0
2,Recettes fiscales,"17 - Enregistrement, timbre, autres contributions et taxes indirectes",1780 - Taxe de l'aviation civile (total),1780 - Taxe de l'aviation civile (total),0,0,0,"395,64",0
0,Recettes fiscales,"17 - Enregistrement, timbre, autres contributions et taxes indirectes",1781 - Taxe sur les installations nucléaires de base,,560000000,-380663,559619337,0,0
1,Recettes fiscales,"17 - Enregistrement, timbre, autres contributions et taxes indirectes",1781 - Taxe sur les installations nucléaires de base,178101 - Taxe sur les installations nucléaires de base,0,0,0,557669925,0
2,Recettes fiscales,"17 - Enregistrement, timbre, autres contributions et taxes indirectes",1781 - Taxe sur les installations nucléaires de base (total),1781 - Taxe sur les installations nucléaires de base (total),560000000,-380663,559619337,557669925,0
0,Recettes fiscales,"17 - Enregistrement, timbre, autres contributions et taxes indirectes",1782 - Taxes sur les stations et liaisons radioélectriques privées,,28000000,-3275590,24724410,0,0
1,Recettes fiscales,"17 - Enregistrement, timbre, autres contributions et taxes indirectes",1782 - Taxes sur les stations et liaisons radioélectriques privées,178201 - Taxes sur les stations et liaisons radioélectriques privées- ordonnancées par la Direction des Postes et Télécommunications,0,0,0,"16772,54",0
1,Recettes fiscales,"17 - Enregistrement, timbre, autres contributions et taxes indirectes",1782 - Taxes sur les stations et liaisons radioélectriques privées,178202 - Taxes sur les stations et liaisons radioélectriques privées- ordonnancées par l'Autorité de Régulation des Télécommunications,0,0,0,"22508688,48",0
2,Recettes fiscales,"17 - Enregistrement, timbre, autres contributions et taxes indirectes",1782 - Taxes sur les stations et liaisons radioélectriques privées (total),1782 - Taxes sur les stations et liaisons radioélectriques privées (total),28000000,-3275590,24724410,"22525461,02",0
0,Recettes fiscales,"17 - Enregistrement, timbre, autres contributions et taxes indirectes",1785 - Produits des jeux exploités par la Française des jeux (hors paris sportifs),,2944264366,-91655569,2852608797,0,0
1,Recettes fiscales,"17 - Enregistrement, timbre, autres contributions et taxes indirectes",1785 - Produits des jeux exploités par la Française des jeux (hors paris sportifs),178501 - Produits des jeux exploités par la Française des jeux,0,0,0,"3032459423,22",0
2,Recettes fiscales,"17 - Enregistrement, timbre, autres contributions et taxes indirectes",1785 - Produits des jeux exploités par la Française des jeux (hors paris sportifs) (total),1785 - Produits des jeux exploités par la Française des jeux (hors paris sportifs) (total),2944264366,-91655569,2852608797,"3032459423,22",0
0,Recettes fiscales,"17 - Enregistrement, timbre, autres contributions et taxes indirectes",1786 - Prélèvements sur le produit des jeux dans les casinos,,1039557176,-103312823,936244353,0,0
1,Recettes fiscales,"17 - Enregistrement, timbre, autres contributions et taxes indirectes",1786 - Prélèvements sur le produit des jeux dans les casinos,178601 - Prélèvements sur le produit des jeux dans les casinos régis par la loi du 15 juin 1907,0,0,0,"905597739,5",0
1,Recettes fiscales,"17 - Enregistrement, timbre, autres contributions et taxes indirectes",1786 - Prélèvements sur le produit des jeux dans les casinos,178602 - Prélèvements sur le produit des jeux dans les casinos régis par la loi du 15 juin 1907,0,0,0,"1743993,14",0
1,Recettes fiscales,"17 - Enregistrement, timbre, autres contributions et taxes indirectes",1786 - Prélèvements sur le produit des jeux dans les casinos,178603 - Prélèvement progressif dû par les clubs de jeux,0,0,0,"40590418,98",0
2,Recettes fiscales,"17 - Enregistrement, timbre, autres contributions et taxes indirectes",1786 - Prélèvements sur le produit des jeux dans les casinos (total),1786 - Prélèvements sur le produit des jeux dans les casinos (total),1039557176,-103312823,936244353,"947932151,62",0
0,Recettes fiscales,"17 - Enregistrement, timbre, autres contributions et taxes indirectes",1787 - Prélèvement sur le produit brut des paris hippiques,,420768064,-18763415,402004649,0,0
1,Recettes fiscales,"17 - Enregistrement, timbre, autres contributions et taxes indirectes",1787 - Prélèvement sur le produit brut des paris hippiques,178702 - Prélèvement sur les paris hippiques,0,0,0,"415856436,1",0
2,Recettes fiscales,"17 - Enregistrement, timbre, autres contributions et taxes indirectes",1787 - Prélèvement sur le produit brut des paris hippiques (total),1787 - Prélèvement sur le produit brut des paris hippiques (total),420768064,-18763415,402004649,"415856436,1",0
0,Recettes fiscales,"17 - Enregistrement, timbre, autres contributions et taxes indirectes",1788 - Prélèvement sur les paris sportifs,,817767917,86982500,904750417,0,0
1,Recettes fiscales,"17 - Enregistrement, timbre, autres contributions et taxes indirectes",1788 - Prélèvement sur les paris sportifs,178801 - Prélèvement sur les paris sportifs,0,0,0,805362301,0
1,Recettes fiscales,"17 - Enregistrement, timbre, autres contributions et taxes indirectes",1788 - Prélèvement sur les paris sportifs,"178802 - Prélèvement de 1,3% sur les paris sportifs",0,0,0,"190562000,64",0
2,Recettes fiscales,"17 - Enregistrement, timbre, autres contributions et taxes indirectes",1788 - Prélèvement sur les paris sportifs (total),1788 - Prélèvement sur les paris sportifs (total),817767917,86982500,904750417,"995924301,64",0
0,Recettes fiscales,"17 - Enregistrement, timbre, autres contributions et taxes indirectes",1789 - Prélèvement sur les jeux de cercle en ligne,,125596468,-2339398,123257070,0,0
1,Recettes fiscales,"17 - Enregistrement, timbre, autres contributions et taxes indirectes",1789 - Prélèvement sur les jeux de cercle en ligne,178901 - Prélèvement sur les jeux de cercle en ligne,0,0,0,"120292188,5",0
2,Recettes fiscales,"17 - Enregistrement, timbre, autres contributions et taxes indirectes",1789 - Prélèvement sur les jeux de cercle en ligne (total),1789 - Prélèvement sur les jeux de cercle en ligne (total),125596468,-2339398,123257070,"120292188,5",0
0,Recettes fiscales,"17 - Enregistrement, timbre, autres contributions et taxes indirectes",1797 - Taxe sur les transactions financières,,1200000000,41000000,1241000000,0,0
1,Recettes fiscales,"17 - Enregistrement, timbre, autres contributions et taxes indirectes",1797 - Taxe sur les transactions financières,179701 - Taxe sur les acquisitions de titres de capital ou assimilé,0,0,0,"1331523595,04",0
1,Recettes fiscales,"17 - Enregistrement, timbre, autres contributions et taxes indirectes",1797 - Taxe sur les transactions financières,179703 - Taxe sur les opérations à haute fréquence portant sur les titres de capital,0,0,0,3437,0
2,Recettes fiscales,"17 - Enregistrement, timbre, autres contributions et taxes indirectes",1797 - Taxe sur les transactions financières (total),1797 - Taxe sur les transactions financières (total),1200000000,41000000,1241000000,"1331527032,04",0
1,Recettes fiscales,"17 - Enregistrement, timbre, autres contributions et taxes indirectes",1798 - Impositions forfaitaires sur les entreprises de réseaux (affectation temporaire à l'État en 2010),179809 - IFER sur le matériel roulant utilisé sur les lignes de transport en commun des voyageurs. Reliquat SGP,0,0,0,1904438,0
2,Recettes fiscales,"17 - Enregistrement, timbre, autres contributions et taxes indirectes",1798 - Impositions forfaitaires sur les entreprises de réseaux (affectation temporaire à l'État en 2010) (total),1798 - Impositions forfaitaires sur les entreprises de réseaux (affectation temporaire à l'État en 2010) (total),0,0,0,1904438,0
0,Recettes fiscales,"17 - Enregistrement, timbre, autres contributions et taxes indirectes",1799 - Autres taxes,,3258000000,-2243000000,1015000000,0,0
1,Recettes fiscales,"17 - Enregistrement, timbre, autres contributions et taxes indirectes",1799 - Autres taxes,179901 - Autres taxes,0,0,0,"574414,72",0
1,Recettes fiscales,"17 - Enregistrement, timbre, autres contributions et taxes indirectes",1799 - Autres taxes,179902 - Produit de la taxe différentielle sur les véhicules terrestres à moteur,0,0,0,114,0
1,Recettes fiscales,"17 - Enregistrement, timbre, autres contributions et taxes indirectes",1799 - Autres taxes,179903 - Taxes et redevances diverses,0,0,0,"5158,97",0
1,Recettes fiscales,"17 - Enregistrement, timbre, autres contributions et taxes indirectes",1799 - Autres taxes,179904 - Recettes diverses et pénalités,0,0,0,"331408,39",0
1,Recettes fiscales,"17 - Enregistrement, timbre, autres contributions et taxes indirectes",1799 - Autres taxes,179905 - Actes judiciaires et extrajudiciaires,0,0,0,"24255,13",0
1,Recettes fiscales,"17 - Enregistrement, timbre, autres contributions et taxes indirectes",1799 - Autres taxes,179906 - Taxe additionnelle au droit de bail,0,0,0,"67114,54",0
1,Recettes fiscales,"17 - Enregistrement, timbre, autres contributions et taxes indirectes",1799 - Autres taxes,179910 - Taxe annuelle sur la détention de véhicules polluants,0,0,0,"66377,16",0
1,Recettes fiscales,"17 - Enregistrement, timbre, autres contributions et taxes indirectes",1799 - Autres taxes,179911 - Taxe sur les entreprises ayant bénéficié de quotas d'émission de gaz à effet de serre,0,0,0,2132,0
1,Recettes fiscales,"17 - Enregistrement, timbre, autres contributions et taxes indirectes",1799 - Autres taxes,179912 - Contribution sur les activités privées de sécurité,0,0,0,"428388,05",0
1,Recettes fiscales,"17 - Enregistrement, timbre, autres contributions et taxes indirectes",1799 - Autres taxes,179913 - Contribution sur les boissons contenant des édulcorants,0,0,0,"0,87",0
1,Recettes fiscales,"17 - Enregistrement, timbre, autres contributions et taxes indirectes",1799 - Autres taxes,179914 - Contribution sur les boissons contenant des sucres ajoutés,0,0,0,"1,23",0
1,Recettes fiscales,"17 - Enregistrement, timbre, autres contributions et taxes indirectes",1799 - Autres taxes,179918 - Taxe due par l'employeur qui embauche un travailleur étranger,0,0,0,"31145628,07",0
1,Recettes fiscales,"17 - Enregistrement, timbre, autres contributions et taxes indirectes",1799 - Autres taxes,179921 - Droit de francisation et de navigation. Reliquat Conservatoire de l'espace littoral et des rivages lacustres,0,0,0,"4725299,46",0
1,Recettes fiscales,"17 - Enregistrement, timbre, autres contributions et taxes indirectes",1799 - Autres taxes,179931 - Redevances cynégétiques. Reliquat Office national de la chasse et de la faune sauvage,0,0,0,"0,32",0
1,Recettes fiscales,"17 - Enregistrement, timbre, autres contributions et taxes indirectes",1799 - Autres taxes,179932 - Taxe additionnelle à la taxe sur les installations nucléaires de base . Recherche. Reliquat ANDRA,0,0,0,8155026,0
1,Recettes fiscales,"17 - Enregistrement, timbre, autres contributions et taxes indirectes",1799 - Autres taxes,179938 - Droits et contributions pour frais de contrôle. Reliquat AMF,0,0,0,"19416279,91",0
1,Recettes fiscales,"17 - Enregistrement, timbre, autres contributions et taxes indirectes",1799 - Autres taxes,179939 - Contributions pour frais de contrôle. Reliquat ACPR,0,0,0,"14214346,2",0
1,Recettes fiscales,"17 - Enregistrement, timbre, autres contributions et taxes indirectes",1799 - Autres taxes,179943 - Redevance d'archéologie préventive. Part Culture,0,0,0,"27152042,23",0
1,Recettes fiscales,"17 - Enregistrement, timbre, autres contributions et taxes indirectes",1799 - Autres taxes,179944 - Redevance d'archéologie préventive. Part Logement,0,0,0,"69297640,82",0
1,Recettes fiscales,"17 - Enregistrement, timbre, autres contributions et taxes indirectes",1799 - Autres taxes,179945 - Redevances affectées aux agences de l'eau. Reliquat,0,0,0,12945,0
1,Recettes fiscales,"17 - Enregistrement, timbre, autres contributions et taxes indirectes",1799 - Autres taxes,179947 - Taxe pour frais de contrôle due par les concessionnaires d'autoroutes,0,0,0,"2494807,1",0
1,Recettes fiscales,"17 - Enregistrement, timbre, autres contributions et taxes indirectes",1799 - Autres taxes,179948 - Contribution additionnelle aux primes ou cotisations afférentes aux conventions d'assurance couvrant les risques en agriculture . Reliquat du fonds national de gestion des risques en agriculture,0,0,0,"44575759,68",0
1,Recettes fiscales,"17 - Enregistrement, timbre, autres contributions et taxes indirectes",1799 - Autres taxes,179949 - Redevance pour examen du code de la route,0,0,0,301290,0
1,Recettes fiscales,"17 - Enregistrement, timbre, autres contributions et taxes indirectes",1799 - Autres taxes,179950 - Taxe perçue lors des demandes relatives aux médicaments vétérinaires,0,0,0,1028701,0
1,Recettes fiscales,"17 - Enregistrement, timbre, autres contributions et taxes indirectes",1799 - Autres taxes,179955 - Taxe additionnelle à la taxe sur les certificats d'immatriculation des véhicules de tourisme (article 34 de la LFI 2018),0,0,0,"28711,07",0
1,Recettes fiscales,"17 - Enregistrement, timbre, autres contributions et taxes indirectes",1799 - Autres taxes,179957 - TSCA 9% sur contrat assurance décès immobilier (Article 1001 du CGI),0,0,0,"297947164,43",0
1,Recettes fiscales,"17 - Enregistrement, timbre, autres contributions et taxes indirectes",1799 - Autres taxes,179960 - Contribution versée par les étudiants lors de leur inscription (Art. L. 841-5 code de l' éducation) - reliquat CROUS,0,0,0,3022672,0
1,Recettes fiscales,"17 - Enregistrement, timbre, autres contributions et taxes indirectes",1799 - Autres taxes,179961 - Prélèvement sur le produit des primes relatives à la garantie contre le risque de catastrophes naturelles (art.235 ter ZE du code général des impôts),0,0,0,"295179136,11",0
1,Recettes fiscales,"17 - Enregistrement, timbre, autres contributions et taxes indirectes",1799 - Autres taxes,179962 - Redevances perçues en matière de propriété industrielle et de registre national du commerce et des sociétés - Reliquat INPI,0,0,0,"89556626,63",0
1,Recettes fiscales,"17 - Enregistrement, timbre, autres contributions et taxes indirectes",1799 - Autres taxes,179963 - Taxe sur la fourniture en France de services de mise en relation par voie électronique des personnes en vue de fournir certaines prestations de transport (article 300bis et suivant du CGI) - Reliquat ARPE,0,0,0,"1520595,84",0
1,Recettes fiscales,"17 - Enregistrement, timbre, autres contributions et taxes indirectes",1799 - Autres taxes,179965 - Taxes sur l'embarquement des passagers (TEP) - Produits de la majoration en l'absence de communres classées stations de tourisme,0,0,0,40646,0
2,Recettes fiscales,"17 - Enregistrement, timbre, autres contributions et taxes indirectes",1799 - Autres taxes (total),1799 - Autres taxes (total),3258000000,-2243000000,1015000000,"911314682,93",0
3,Recettes fiscales,"17 - Enregistrement, timbre, autres contributions et taxes indirectes (total)","17 - Enregistrement, timbre, autres contributions et taxes indirectes (total)","17 - Enregistrement, timbre, autres contributions et taxes indirectes (total)",39668072661,536366922,40204439583,"41051278231,56","41051278231,56"
1,Recettes fiscales,"17 - Enregistrement, timbre, autres contributions et taxes indirectes (total)","17 - Enregistrement, timbre, autres contributions et taxes indirectes (total)","17 - Enregistrement, timbre, autres contributions et taxes indirectes (total)",0,0,0,0,0
0,Recettes fiscales,"17 - Enregistrement, timbre, autres contributions et taxes indirectes (total)","17 - Enregistrement, timbre, autres contributions et taxes indirectes (total)","17 - Enregistrement, timbre, autres contributions et taxes indirectes (total)",0,0,0,0,0
3,Recettes fiscales,"17 - Enregistrement, timbre, autres contributions et taxes indirectes (total) (total)","17 - Enregistrement, timbre, autres contributions et taxes indirectes (total) (total)","17 - Enregistrement, timbre, autres contributions et taxes indirectes (total) (total)",0,0,0,0,"-8716547654,12"
4,Recettes fiscales (total),Recettes fiscales (total),Recettes fiscales (total),Recettes fiscales (total),356274033014,-22966965345,333307067669,"467247625869,83","325679295289,64"
0,Recettes non fiscales,21 - Dividendes et recettes assimilées,2110 - Produits des participations de l'État dans des entreprises financières,,3157400000,-125624810,3031775190,0,0
1,Recettes non fiscales,21 - Dividendes et recettes assimilées,2110 - Produits des participations de l'État dans des entreprises financières,211031 - Entités contrôlées : AFD (Agence française du développement),0,0,0,65075190,0
1,Recettes non fiscales,21 - Dividendes et recettes assimilées,2110 - Produits des participations de l'État dans des entreprises financières,211038 - Entités contrôlées : CCR (Caisse Centrale de Réassurance),0,0,0,"5605253,17",0
1,Recettes non fiscales,21 - Dividendes et recettes assimilées,2110 - Produits des participations de l'État dans des entreprises financières,211058 - Entités non contrôlées : CDC (Caisse des Dépôts et Consignations),0,0,0,1370045167,0
2,Recettes non fiscales,21 - Dividendes et recettes assimilées,2110 - Produits des participations de l'État dans des entreprises financières (total),2110 - Produits des participations de l'État dans des entreprises financières (total),3157400000,-125624810,3031775190,"1440725610,17",0
0,Recettes non fiscales,21 - Dividendes et recettes assimilées,2116 - Produits des participations de l'État dans des entreprises non financières et bénéfices des établissements publics non financiers,,1576000000,903273323,2479273323,0,0
1,Recettes non fiscales,21 - Dividendes et recettes assimilées,2116 - Produits des participations de l'État dans des entreprises non financières et bénéfices des établissements publics non financiers,211601 - Entités contrôlées,0,0,0,"250297829,69",0
1,Recettes non fiscales,21 - Dividendes et recettes assimilées,2116 - Produits des participations de l'État dans des entreprises non financières et bénéfices des établissements publics non financiers,211609 - Entités contrôlées : BPI (Banque Publique d'Investissement),0,0,0,"193971789,02",0
1,Recettes non fiscales,21 - Dividendes et recettes assimilées,2116 - Produits des participations de l'État dans des entreprises non financières et bénéfices des établissements publics non financiers,211610 - Entités contrôlées : ADP (Aéroports de Paris),0,0,0,"191407544,34",0
1,Recettes non fiscales,21 - Dividendes et recettes assimilées,2116 - Produits des participations de l'État dans des entreprises non financières et bénéfices des établissements publics non financiers,211618 - Création 2010 - Entités non contrôlées : DCI (Défense conseil international),0,0,0,10453504,0
1,Recettes non fiscales,21 - Dividendes et recettes assimilées,2116 - Produits des participations de l'État dans des entreprises non financières et bénéfices des établissements publics non financiers,211621 - Entités non contrôlées,0,0,0,"8545955,36",0
1,Recettes non fiscales,21 - Dividendes et recettes assimilées,2116 - Produits des participations de l'État dans des entreprises non financières et bénéfices des établissements publics non financiers,211628 - Entités contrôlées : DCNS (Direction des Constructions Navales),0,0,0,"80610103,3",0
1,Recettes non fiscales,21 - Dividendes et recettes assimilées,2116 - Produits des participations de l'État dans des entreprises non financières et bénéfices des établissements publics non financiers,211641 - Entités contrôlées : GIAT Industries (Grpt Indus Armements terrestres),0,0,0,65984000,0
1,Recettes non fiscales,21 - Dividendes et recettes assimilées,2116 - Produits des participations de l'État dans des entreprises non financières et bénéfices des établissements publics non financiers,211658 - Entités contrôlées : SOGEPA (Société de Gestion et de Participations aéronautiques),0,0,0,154330000,0
1,Recettes non fiscales,21 - Dividendes et recettes assimilées,2116 - Produits des participations de l'État dans des entreprises non financières et bénéfices des établissements publics non financiers,211668 - Entités contrôlées : TSA (ex- Thomson SA),0,0,0,187000000,0
1,Recettes non fiscales,21 - Dividendes et recettes assimilées,2116 - Produits des participations de l'État dans des entreprises non financières et bénéfices des établissements publics non financiers,211671 - Entités contrôlées : UGAP (Union des groupements d'achats publics),0,0,0,10613423,0
1,Recettes non fiscales,21 - Dividendes et recettes assimilées,2116 - Produits des participations de l'État dans des entreprises non financières et bénéfices des établissements publics non financiers,211679 - Entités non contrôlées : Renault,0,0,0,"82117642,75",0
1,Recettes non fiscales,21 - Dividendes et recettes assimilées,2116 - Produits des participations de l'État dans des entreprises non financières et bénéfices des établissements publics non financiers,211688 - Entités non contrôlées : France TELECOM,0,0,0,"256459991,76",0
1,Recettes non fiscales,21 - Dividendes et recettes assimilées,2116 - Produits des participations de l'État dans des entreprises non financières et bénéfices des établissements publics non financiers,211691 - Entités non contrôlées : GDF-SUEZ,0,0,0,"824982657,8",0
1,Recettes non fiscales,21 - Dividendes et recettes assimilées,2116 - Produits des participations de l'État dans des entreprises non financières et bénéfices des établissements publics non financiers,211692 - Entités non contrôlées : FDJ (Française des jeux),0,0,0,"69552624,24",0
1,Recettes non fiscales,21 - Dividendes et recettes assimilées,2116 - Produits des participations de l'État dans des entreprises non financières et bénéfices des établissements publics non financiers,211698 - Entités non contrôlées : SAFRAN,0,0,0,"105562888,2",0
2,Recettes non fiscales,21 - Dividendes et recettes assimilées,2116 - Produits des participations de l'État dans des entreprises non financières et bénéfices des établissements publics non financiers (total),2116 - Produits des participations de l'État dans des entreprises non financières et bénéfices des établissements publics non financiers (total),1576000000,903273323,2479273323,"2491889953,46",0
0,Recettes non fiscales,21 - Dividendes et recettes assimilées,2199 - Autres dividendes et recettes assimilées,,0,980105860,980105860,0,0
1,Recettes non fiscales,21 - Dividendes et recettes assimilées,2199 - Autres dividendes et recettes assimilées,219901 - Autres dividendes et recettes assimilées,0,0,0,"4340,16",0
1,Recettes non fiscales,21 - Dividendes et recettes assimilées,2199 - Autres dividendes et recettes assimilées,219906 - Programmes Investissements d'avenir (PIA) - Autres dividendes et produits assimilés - CDC,0,0,0,"6058036,41",0
1,Recettes non fiscales,21 - Dividendes et recettes assimilées,2199 - Autres dividendes et recettes assimilées,219907 - Programmes Investissements d'avenir (PIA) - Autres dividendes et produits assimilés - OSEO/BPI,0,0,0,"1441648,77",0
1,Recettes non fiscales,21 - Dividendes et recettes assimilées,2199 - Autres dividendes et recettes assimilées,219920 - Autres dividendes BDF,0,0,0,843700000,0
2,Recettes non fiscales,21 - Dividendes et recettes assimilées,2199 - Autres dividendes et recettes assimilées (total),2199 - Autres dividendes et recettes assimilées (total),0,980105860,980105860,"851204025,34",0
3,Recettes non fiscales,21 - Dividendes et recettes assimilées (total),21 - Dividendes et recettes assimilées (total),21 - Dividendes et recettes assimilées (total),3154700000,1757754373,4912454373,"4783819588,97","4783819588,97"
0,Recettes non fiscales,22 - Produits du domaine de l'État,2201 - Revenus du domaine public non militaire,,1025000000,-173951074,851048926,0,0
1,Recettes non fiscales,22 - Produits du domaine de l'État,2201 - Revenus du domaine public non militaire,220101 - Redevances progressives dues par les titulaires d'exploitation de mines d'hydrocarbures liquides ou gazeux,0,0,0,"13888574,09",0
1,Recettes non fiscales,22 - Produits du domaine de l'État,2201 - Revenus du domaine public non militaire,220103 - Concessions de ports de plaisance sur le domaine maritime et fluvial,0,0,0,318088,0
1,Recettes non fiscales,22 - Produits du domaine de l'État,2201 - Revenus du domaine public non militaire,220105 - Autorisation d'exploitation des cultures marines,0,0,0,"1141680,75",0
1,Recettes non fiscales,22 - Produits du domaine de l'État,2201 - Revenus du domaine public non militaire,220106 - Pêche et chasse sur les dépendances du domaine public,0,0,0,"882899,99",0
1,Recettes non fiscales,22 - Produits du domaine de l'État,2201 - Revenus du domaine public non militaire,220107 - Droits de passage accordés sur le domaine public aux exploitants de réseaux de télécommunication,0,0,0,"2551354,02",0
1,Recettes non fiscales,22 - Produits du domaine de l'État,2201 - Revenus du domaine public non militaire,220108 - Licence de pêche,0,0,0,"96274,67",0
1,Recettes non fiscales,22 - Produits du domaine de l'État,2201 - Revenus du domaine public non militaire,220109 - Concessions ou autorisation de toute nature de la compétence du TPG,0,0,0,-1143,0
1,Recettes non fiscales,22 - Produits du domaine de l'État,2201 - Revenus du domaine public non militaire,"220110 - Autres occupations, concessions ou autorisation dont le tarif est fixé au plan national",0,0,0,"9494442,08",0
1,Recettes non fiscales,22 - Produits du domaine de l'État,2201 - Revenus du domaine public non militaire,220111 - Utilisation de l'énergie hydraulique,0,0,0,"15253173,57",0
1,Recettes non fiscales,22 - Produits du domaine de l'État,2201 - Revenus du domaine public non militaire,"220112 - Recettes FNAFU : produits de gestion résultant de la location, de l'occupation ou de l'utilisation de biens acquis sur crédits FNAFU",0,0,0,"744,81",0
1,Recettes non fiscales,22 - Produits du domaine de l'État,2201 - Revenus du domaine public non militaire,220113 - Redevance d'occupation des éoliennes implantées sur le domaine public de l'État,0,0,0,11277,0
1,Recettes non fiscales,22 - Produits du domaine de l'État,2201 - Revenus du domaine public non militaire,220114 - Redevance fixe relative aux cours d'eau domaniaux (article R523-2 du code de l'énergie),0,0,0,"244027,38",0
1,Recettes non fiscales,22 - Produits du domaine de l'État,2201 - Revenus du domaine public non militaire,220115 - Redevance d'occupation du domaine public (article R523-1 du code de l'énergie),0,0,0,349024,0
1,Recettes non fiscales,22 - Produits du domaine de l'État,2201 - Revenus du domaine public non militaire,220119 - Part de l’État dans la redevance proportionnelle aux recettes ou aux bénéfices de la concession (article L 523-3 du code de l'énergie),0,0,0,"171087317,48",0
1,Recettes non fiscales,22 - Produits du domaine de l'État,2201 - Revenus du domaine public non militaire,220120 - Redevance proportionnelle aux recettes de vente d'électricité due par la CNR (article 45 cahier des charges),0,0,0,879694536,0
2,Recettes non fiscales,22 - Produits du domaine de l'État,2201 - Revenus du domaine public non militaire (total),2201 - Revenus du domaine public non militaire (total),1025000000,-173951074,851048926,"1095012270,84",0
0,Recettes non fiscales,22 - Produits du domaine de l'État,2202 - Autres revenus du domaine public,,7989520,2395107,10384627,0,0
1,Recettes non fiscales,22 - Produits du domaine de l'État,2202 - Autres revenus du domaine public,220205 - Extractions de matériaux sur le domaine public maritime,0,0,0,3601312,0
1,Recettes non fiscales,22 - Produits du domaine de l'État,2202 - Autres revenus du domaine public,220208 - Legs et donations sans affectation spéciale,0,0,0,"-6026,71",0
1,Recettes non fiscales,22 - Produits du domaine de l'État,2202 - Autres revenus du domaine public,220210 - Sommes et valeurs attribuées à l'État (article L 1126-1 du CG3P ex L 27 du CDE et article L1126-4 du CG3P),0,0,0,"407468,01",0
1,Recettes non fiscales,22 - Produits du domaine de l'État,2202 - Autres revenus du domaine public,220211 - Autres recettes (dont argent trouvé sur la voie publique),0,0,0,"905,58",0
1,Recettes non fiscales,22 - Produits du domaine de l'État,2202 - Autres revenus du domaine public,220299 - Autres revenus du domaine public,0,0,0,"5117548,29",0
2,Recettes non fiscales,22 - Produits du domaine de l'État,2202 - Autres revenus du domaine public (total),2202 - Autres revenus du domaine public (total),7989520,2395107,10384627,"9121207,17",0
0,Recettes non fiscales,22 - Produits du domaine de l'État,2203 - Revenus du domaine privé,,293117680,78457764,371575444,0,0
1,Recettes non fiscales,22 - Produits du domaine de l'État,2203 - Revenus du domaine privé,"220301 - Immobilier, loyer et indemnités d'occupation",0,0,0,-147,0
1,Recettes non fiscales,22 - Produits du domaine de l'État,2203 - Revenus du domaine privé,220303 - Mobilier : produit de locations de biens meubles,0,0,0,1000,0
1,Recettes non fiscales,22 - Produits du domaine de l'État,2203 - Revenus du domaine privé,220306 - Redevances d'occupation des constructions provisoires  Redevances d'occupation (forfaits et remboursements divers),0,0,0,"14065,67",0
1,Recettes non fiscales,22 - Produits du domaine de l'État,2203 - Revenus du domaine privé,"220307 - Ventes de meubles (objets mobiliers de l'État, épaves, biens vacants)",0,0,0,"2178957,89",0
1,Recettes non fiscales,22 - Produits du domaine de l'État,2203 - Revenus du domaine privé,220308 - Legs et donations sans affectation spéciale,0,0,0,"1792985,24",0
1,Recettes non fiscales,22 - Produits du domaine de l'État,2203 - Revenus du domaine privé,220310 - Biens dévolus à l'État suite à confiscation,0,0,0,"150335774,57",0
1,Recettes non fiscales,22 - Produits du domaine de l'État,2203 - Revenus du domaine privé,220311 - Sommes et valeurs attribuées à l'État (art L1126-1 du CG3P),0,0,0,"129551914,05",0
1,Recettes non fiscales,22 - Produits du domaine de l'État,2203 - Revenus du domaine privé,220312 - Autres recettes (dont argent trouvé sur la voie publique),0,0,0,"257432,95",0
1,Recettes non fiscales,22 - Produits du domaine de l'État,2203 - Revenus du domaine privé,220314 - Produits de cessions des biens mal aquis,0,0,0,30000000,0
1,Recettes non fiscales,22 - Produits du domaine de l'État,2203 - Revenus du domaine privé,220399 - Autres recettes,0,0,0,"20609,42",0
2,Recettes non fiscales,22 - Produits du domaine de l'État,2203 - Revenus du domaine privé (total),2203 - Revenus du domaine privé (total),293117680,78457764,371575444,"314152592,79",0
0,Recettes non fiscales,22 - Produits du domaine de l'État,2204 - Redevances d'usage des fréquences radioélectriques,,417000000,-92881390,324118610,0,0
1,Recettes non fiscales,22 - Produits du domaine de l'État,2204 - Redevances d'usage des fréquences radioélectriques,220401 - Redevances d'usage des fréquences radioélectriques Redevances ANFR,0,0,0,"14280080,88",0
1,Recettes non fiscales,22 - Produits du domaine de l'État,2204 - Redevances d'usage des fréquences radioélectriques,220402 - Redevances d'usage des fréquences radioélectriques Redevances ARCEP,0,0,0,"356655961,63",0
1,Recettes non fiscales,22 - Produits du domaine de l'État,2204 - Redevances d'usage des fréquences radioélectriques,220403 - Redevances d'usage des fréquences radioélectriques Redevances ANFR. Sur tiers internes,0,0,0,388461,0
2,Recettes non fiscales,22 - Produits du domaine de l'État,2204 - Redevances d'usage des fréquences radioélectriques (total),2204 - Redevances d'usage des fréquences radioélectriques (total),417000000,-92881390,324118610,"371324503,51",0
1,Recettes non fiscales,22 - Produits du domaine de l'État,2209 - Paiement par les administrations de leurs loyers budgétaires,220901 - Loyers affectés au budget général,0,0,0,8940,0
2,Recettes non fiscales,22 - Produits du domaine de l'État,2209 - Paiement par les administrations de leurs loyers budgétaires (total),2209 - Paiement par les administrations de leurs loyers budgétaires (total),0,0,0,8940,0
0,Recettes non fiscales,22 - Produits du domaine de l'État,2299 - Autres revenus du Domaine,,2000000,-619365,1380635,0,0
1,Recettes non fiscales,22 - Produits du domaine de l'État,2299 - Autres revenus du Domaine,229904 - Retenues de logement effectuées sur les émoluments de fonctionnaires et officiers logés dans des immeubles appartenant à l'État ou loués par l'État,0,0,0,"1377213,87",0
1,Recettes non fiscales,22 - Produits du domaine de l'État,2299 - Autres revenus du Domaine,229999 - Produits et revenus divers,0,0,0,"621384,47",0
2,Recettes non fiscales,22 - Produits du domaine de l'État,2299 - Autres revenus du Domaine (total),2299 - Autres revenus du Domaine (total),2000000,-619365,1380635,"1998598,34",0
3,Recettes non fiscales,22 - Produits du domaine de l'État (total),22 - Produits du domaine de l'État (total),22 - Produits du domaine de l'État (total),1745107200,-186598958,1558508242,"1791618112,65","1791618112,65"
0,Recettes non fiscales,23 - Produits de la vente de biens et services,2301 - Remboursement par l'Union européenne des frais d'assiette et de perception des impôts et taxes perçus au profit de son budget,,778000000,-145972760,632027240,0,0
1,Recettes non fiscales,23 - Produits de la vente de biens et services,2301 - Remboursement par l'Union européenne des frais d'assiette et de perception des impôts et taxes perçus au profit de son budget,230101 - Remboursement par l'Union européenne des frais d'assiette et de perception des impôts et taxes perçus au profit de son budget,0,0,0,"665021664,7",0
2,Recettes non fiscales,23 - Produits de la vente de biens et services,2301 - Remboursement par l'Union européenne des frais d'assiette et de perception des impôts et taxes perçus au profit de son budget (total),2301 - Remboursement par l'Union européenne des frais d'assiette et de perception des impôts et taxes perçus au profit de son budget (total),778000000,-145972760,632027240,"665021664,7",0
0,Recettes non fiscales,23 - Produits de la vente de biens et services,2303 - Autres frais d'assiette et de recouvrement,,1101058634,-39914103,1061144531,0,0
1,Recettes non fiscales,23 - Produits de la vente de biens et services,2303 - Autres frais d'assiette et de recouvrement,230302 - Frais d'assiette et de recouvrement de la redevance audiovisuelle pour les produits adossés à la TVA,0,0,0,"3771,36",0
1,Recettes non fiscales,23 - Produits de la vente de biens et services,2303 - Autres frais d'assiette et de recouvrement,230305 - Frais d'assiette et de recouvrement pour les produits du domaine,0,0,0,"248682,52",0
1,Recettes non fiscales,23 - Produits de la vente de biens et services,2303 - Autres frais d'assiette et de recouvrement,"230306 - Versement au Trésor des produits visés par l'article 5, dernier alinéa de l'ordonnance n°45-14 du 6 janvier 1945",0,0,0,"265201,21",0
1,Recettes non fiscales,23 - Produits de la vente de biens et services,2303 - Autres frais d'assiette et de recouvrement,"230307 - Frais d'assiette et de recouvrement prélevés sur divers produits (placement, jeux)",0,0,0,"4604940,06",0
1,Recettes non fiscales,23 - Produits de la vente de biens et services,2303 - Autres frais d'assiette et de recouvrement,230399 - Frais d'assiette et de recouvrement pour les autres produits,0,0,0,"944575590,6",0
2,Recettes non fiscales,23 - Produits de la vente de biens et services,2303 - Autres frais d'assiette et de recouvrement (total),2303 - Autres frais d'assiette et de recouvrement (total),1101058634,-39914103,1061144531,"949698185,75",0
0,Recettes non fiscales,23 - Produits de la vente de biens et services,2304 - Rémunération des prestations assurées par les services du Trésor Public au titre de la collecte de l'épargne,,52013515,-15608666,36404849,0,0
1,Recettes non fiscales,23 - Produits de la vente de biens et services,2304 - Rémunération des prestations assurées par les services du Trésor Public au titre de la collecte de l'épargne,230401 - Rémunération des prestations assurées par les services du Trésor public au titre de la collecte de l'épargne,0,0,0,"32200466,14",0
1,Recettes non fiscales,23 - Produits de la vente de biens et services,2304 - Rémunération des prestations assurées par les services du Trésor Public au titre de la collecte de l'épargne,230402 - Agios,0,0,0,"35005,96",0
1,Recettes non fiscales,23 - Produits de la vente de biens et services,2304 - Rémunération des prestations assurées par les services du Trésor Public au titre de la collecte de l'épargne,230403 - Autres rémunérations,0,0,0,"674,85",0
2,Recettes non fiscales,23 - Produits de la vente de biens et services,2304 - Rémunération des prestations assurées par les services du Trésor Public au titre de la collecte de l'épargne (total),2304 - Rémunération des prestations assurées par les services du Trésor Public au titre de la collecte de l'épargne (total),52013515,-15608666,36404849,"32236146,95",0
0,Recettes non fiscales,23 - Produits de la vente de biens et services,2305 - Produits de la vente de divers biens,,67669,-50872,16797,0,0
1,Recettes non fiscales,23 - Produits de la vente de biens et services,2305 - Produits de la vente de divers biens,230504 - Recettes des établissements pénitentiaires Produits intermédiaires,0,0,0,"12223,51",0
1,Recettes non fiscales,23 - Produits de la vente de biens et services,2305 - Produits de la vente de divers biens,230506 - Recettes des établissements pénitentiaires Produits résiduels,0,0,0,33,0
2,Recettes non fiscales,23 - Produits de la vente de biens et services,2305 - Produits de la vente de divers biens (total),2305 - Produits de la vente de divers biens (total),67669,-50872,16797,"12256,51",0
0,Recettes non fiscales,23 - Produits de la vente de biens et services,2306 - Produits de la vente de divers services,,4788900,-1287509,3501391,0,0
1,Recettes non fiscales,23 - Produits de la vente de biens et services,2306 - Produits de la vente de divers services,230602 - Recettes diverses du cadastre,0,0,0,"7690,69",0
1,Recettes non fiscales,23 - Produits de la vente de biens et services,2306 - Produits de la vente de divers services,230604 - Recettes d'ingéniérie publique Agriculture,0,0,0,"25473,54",0
1,Recettes non fiscales,23 - Produits de la vente de biens et services,2306 - Produits de la vente de divers services,230605 - Produit des recettes perçues en cas de concours à un huissier de la police nationale,0,0,0,"267478,85",0
1,Recettes non fiscales,23 - Produits de la vente de biens et services,2306 - Produits de la vente de divers services,230606 - Produit des vacations prévues à l'article 2213-14 du CGCT en cas d'intervention de la police nationale,0,0,0,"3026977,47",0
1,Recettes non fiscales,23 - Produits de la vente de biens et services,2306 - Produits de la vente de divers services,230610 - Redevance pour service rendu Coûts de traitement d'une demande d'autorisation d'exploitation de fréquence à des systèmes satellitaires (article R52-3-4 du code des postes et des communications électroniques),0,0,0,40000,0
1,Recettes non fiscales,23 - Produits de la vente de biens et services,2306 - Produits de la vente de divers services,230612 - Redevance sanitaire liée à la certification des végétaux,0,0,0,27761,0
1,Recettes non fiscales,23 - Produits de la vente de biens et services,2306 - Produits de la vente de divers services,230699 - Divers,0,0,0,"93294,42",0
2,Recettes non fiscales,23 - Produits de la vente de biens et services,2306 - Produits de la vente de divers services (total),2306 - Produits de la vente de divers services (total),4788900,-1287509,3501391,"3488675,97",0
0,Recettes non fiscales,23 - Produits de la vente de biens et services,2399 - Autres recettes diverses,,1608000000,-795521544,812478456,0,0
1,Recettes non fiscales,23 - Produits de la vente de biens et services,2399 - Autres recettes diverses,239907 - Autres recettes diverses Domaine,0,0,0,"137175,13",0
1,Recettes non fiscales,23 - Produits de la vente de biens et services,2399 - Autres recettes diverses,239908 - Fraction non affectée des produits résultant de la mise aux enchères des actifs carbone,0,0,0,833833370,0
1,Recettes non fiscales,23 - Produits de la vente de biens et services,2399 - Autres recettes diverses,239999 - Autres recettes diverses,0,0,0,"4379311,51",0
2,Recettes non fiscales,23 - Produits de la vente de biens et services,2399 - Autres recettes diverses (total),2399 - Autres recettes diverses (total),1608000000,-795521544,812478456,"838349856,64",0
3,Recettes non fiscales,23 - Produits de la vente de biens et services (total),23 - Produits de la vente de biens et services (total),23 - Produits de la vente de biens et services (total),3543928718,-998355454,2545573264,"2488806786,52","2488806786,52"
0,Recettes non fiscales,"24 - Remboursements et intérêts des prêts, avances et autres immobilisations financières",2401 - Intérêts des prêts à des banques et à des États étrangers,,450000000,-42415681,407584319,0,0
1,Recettes non fiscales,"24 - Remboursements et intérêts des prêts, avances et autres immobilisations financières",2401 - Intérêts des prêts à des banques et à des États étrangers,240101 - Intérêts des prêts du Trésor à des États étrangers pour la consolidation de dettes envers la France,0,0,0,"10060651,75",0
1,Recettes non fiscales,"24 - Remboursements et intérêts des prêts, avances et autres immobilisations financières",2401 - Intérêts des prêts à des banques et à des États étrangers,240102 - Intérêts capitalisés et assimilés des prêts du Trésor à des États étrangers pour la consolidation de dettes envers la France,0,0,0,"5383297,18",0
1,Recettes non fiscales,"24 - Remboursements et intérêts des prêts, avances et autres immobilisations financières",2401 - Intérêts des prêts à des banques et à des États étrangers,"240103 - Intérêts des prêts à des États étrangers de la Réserve, pays émergents (RPE) en vue de faciliter la réalisation de projets d'infrastructure (CBCM Minefi) - prêts par l'intermédiaire de la Natexis Banque",0,0,0,"32506874,16",0
1,Recettes non fiscales,"24 - Remboursements et intérêts des prêts, avances et autres immobilisations financières",2401 - Intérêts des prêts à des banques et à des États étrangers,"240105 - Intérêts capitalisés et assimilés des prêts du Trésor à des États étrangers de la Réserve, pays émergents (RPE) en vue de faciliter la réalisation de projets d'infrastructure (CBCM Minefi)",0,0,0,"4154456,94",0
1,Recettes non fiscales,"24 - Remboursements et intérêts des prêts, avances et autres immobilisations financières",2401 - Intérêts des prêts à des banques et à des États étrangers,240106 - Intérêts des prêts à l'Agence française de développement en vue de favoriser le développement économique et social dans des États étrangers,0,0,0,"109469,46",0
1,Recettes non fiscales,"24 - Remboursements et intérêts des prêts, avances et autres immobilisations financières",2401 - Intérêts des prêts à des banques et à des États étrangers,240107 - Intérêts des prêts aux États membres de l'Union européenne dont la monnaie est l'euro,0,0,0,"360573742,1",0
2,Recettes non fiscales,"24 - Remboursements et intérêts des prêts, avances et autres immobilisations financières",2401 - Intérêts des prêts à des banques et à des États étrangers (total),2401 - Intérêts des prêts à des banques et à des États étrangers (total),450000000,-42415681,407584319,"412788491,59",0
0,Recettes non fiscales,"24 - Remboursements et intérêts des prêts, avances et autres immobilisations financières",2402 - Intérêts des prêts du fonds de développement économique et social,,17630396,-2089620,15540776,0,0
1,Recettes non fiscales,"24 - Remboursements et intérêts des prêts, avances et autres immobilisations financières",2402 - Intérêts des prêts du fonds de développement économique et social,240201 - Intérêts sur prêts participatifs Créances normales,0,0,0,"858950,61",0
1,Recettes non fiscales,"24 - Remboursements et intérêts des prêts, avances et autres immobilisations financières",2402 - Intérêts des prêts du fonds de développement économique et social,240202 - Intérêts sur prêts participatifs Créances contentieuses,0,0,0,1200,0
1,Recettes non fiscales,"24 - Remboursements et intérêts des prêts, avances et autres immobilisations financières",2402 - Intérêts des prêts du fonds de développement économique et social,240203 - Intérêts sur prêts ordinaires Créances normales,0,0,0,"8003724,34",0
1,Recettes non fiscales,"24 - Remboursements et intérêts des prêts, avances et autres immobilisations financières",2402 - Intérêts des prêts du fonds de développement économique et social,240204 - Intérêts sur prêts ordinaires Créances contentieuses,0,0,0,"374354,07",0
1,Recettes non fiscales,"24 - Remboursements et intérêts des prêts, avances et autres immobilisations financières",2402 - Intérêts des prêts du fonds de développement économique et social,240205 - Intérêts capitalisés et assimilés,0,0,0,"2313429,48",0
2,Recettes non fiscales,"24 - Remboursements et intérêts des prêts, avances et autres immobilisations financières",2402 - Intérêts des prêts du fonds de développement économique et social (total),2402 - Intérêts des prêts du fonds de développement économique et social (total),17630396,-2089620,15540776,"11551658,5",0
0,Recettes non fiscales,"24 - Remboursements et intérêts des prêts, avances et autres immobilisations financières",2403 - Prêts et avances à divers services de l’Etat ou organismes gérant des services publics,,96400000,-18302878,78097122,0,0
1,Recettes non fiscales,"24 - Remboursements et intérêts des prêts, avances et autres immobilisations financières",2403 - Prêts et avances à divers services de l’Etat ou organismes gérant des services publics,240301 - Intérêts des avances aux budgets annexes (ancien libellé : intérêts des avances aux établissements publics nationaux et services autonomes de l'État),0,0,0,"17734305,22",0
1,Recettes non fiscales,"24 - Remboursements et intérêts des prêts, avances et autres immobilisations financières",2403 - Prêts et avances à divers services de l’Etat ou organismes gérant des services publics,240302 - Intérêts des avances aux établissements publics nationaux (ancien libellé : intérêts des avances aux établissements publics nationaux et services autonomes de l'État),0,0,0,"53581068,24",0
1,Recettes non fiscales,"24 - Remboursements et intérêts des prêts, avances et autres immobilisations financières",2403 - Prêts et avances à divers services de l’Etat ou organismes gérant des services publics,240303 - Intérêts des avances aux organismes HLM et organismes à activité assimilée (création),0,0,0,"5621,88",0
1,Recettes non fiscales,"24 - Remboursements et intérêts des prêts, avances et autres immobilisations financières",2403 - Prêts et avances à divers services de l’Etat ou organismes gérant des services publics,240305 - Intérêts des avances aux exploitants d'aéroport touchés par la crise de la Covid-19,0,0,0,"6324000,2",0
2,Recettes non fiscales,"24 - Remboursements et intérêts des prêts, avances et autres immobilisations financières",2403 - Prêts et avances à divers services de l’Etat ou organismes gérant des services publics (total),2403 - Prêts et avances à divers services de l’Etat ou organismes gérant des services publics (total),96400000,-18302878,78097122,"77644995,54",0
0,Recettes non fiscales,"24 - Remboursements et intérêts des prêts, avances et autres immobilisations financières",2409 - Intérêts des autres prêts et avances,,130250000,6886010,137136010,0,0
1,Recettes non fiscales,"24 - Remboursements et intérêts des prêts, avances et autres immobilisations financières",2409 - Intérêts des autres prêts et avances,240903 - Intérêts des prêts du fonds forestier national,0,0,0,"583228,38",0
1,Recettes non fiscales,"24 - Remboursements et intérêts des prêts, avances et autres immobilisations financières",2409 - Intérêts des autres prêts et avances,240907 - Intérêts des avances à des particuliers et associations - Agents de l'État pour la prise en location d'un logement,0,0,0,"308,82",0
1,Recettes non fiscales,"24 - Remboursements et intérêts des prêts, avances et autres immobilisations financières",2409 - Intérêts des autres prêts et avances,"240909 - Produit des prêts et avances, créances rattachées à des participations et autres titres de participations Intérêts Entités contrôlées hors Opérateurs",0,0,0,"27373614,12",0
1,Recettes non fiscales,"24 - Remboursements et intérêts des prêts, avances et autres immobilisations financières",2409 - Intérêts des autres prêts et avances,"240910 - Produit des prêts et avances, créances rattachées à des participations et autres titres de participations Intérêts Entités non contrôlées",0,0,0,"220699667,2",0
1,Recettes non fiscales,"24 - Remboursements et intérêts des prêts, avances et autres immobilisations financières",2409 - Intérêts des autres prêts et avances,"240912 - Programmes Investissements d'avenir (PIA) - reversements d'intérêts, sur prêts, avance et comptes bloqués - CDC",0,0,0,"8759764,46",0
1,Recettes non fiscales,"24 - Remboursements et intérêts des prêts, avances et autres immobilisations financières",2409 - Intérêts des autres prêts et avances,"240913 - Programmes Investissements d'avenir (PIA) - reversements d'intérêts, sur prêts, avance et comptes bloqués - OSEO/BPI",0,0,0,822772,0
1,Recettes non fiscales,"24 - Remboursements et intérêts des prêts, avances et autres immobilisations financières",2409 - Intérêts des autres prêts et avances,"240914 - Programmes Investissements d'avenir (PIA) - reversements d'intérêts, sur prêts, avance et comptes bloqués - ADEME",0,0,0,"27342,32",0
1,Recettes non fiscales,"24 - Remboursements et intérêts des prêts, avances et autres immobilisations financières",2409 - Intérêts des autres prêts et avances,240921 - Intérêts des prêts à taux bonifiés des entreprises touchées par la Covid-19 - Créances normales,0,0,0,2895179,0
1,Recettes non fiscales,"24 - Remboursements et intérêts des prêts, avances et autres immobilisations financières",2409 - Intérêts des autres prêts et avances,240922 - Intérêts des prêts à taux bonifiés des entreprises touchées par la Covid-19 - Créances contentieuses,0,0,0,"30898,09",0
1,Recettes non fiscales,"24 - Remboursements et intérêts des prêts, avances et autres immobilisations financières",2409 - Intérêts des autres prêts et avances,240923 - Intérêts des avances remboursables des entreprises touchées par la Covid-19 - Créances normales,0,0,0,"443118,2",0
1,Recettes non fiscales,"24 - Remboursements et intérêts des prêts, avances et autres immobilisations financières",2409 - Intérêts des autres prêts et avances,240924 - Intérêts des avances remboursables des entreprises touchées par la Covid-19 - Créances contentieuses,0,0,0,"2955,55",0
1,Recettes non fiscales,"24 - Remboursements et intérêts des prêts, avances et autres immobilisations financières",2409 - Intérêts des autres prêts et avances,240999 - Intérêts des autres prêts et avances,0,0,0,"66306996,93",0
2,Recettes non fiscales,"24 - Remboursements et intérêts des prêts, avances et autres immobilisations financières",2409 - Intérêts des autres prêts et avances (total),2409 - Intérêts des autres prêts et avances (total),130250000,6886010,137136010,"327945845,07",0
0,Recettes non fiscales,"24 - Remboursements et intérêts des prêts, avances et autres immobilisations financières",2411 - Avances remboursables sous conditions consenties à l'aviation civile,,109382905,217095,109600000,0,0
1,Recettes non fiscales,"24 - Remboursements et intérêts des prêts, avances et autres immobilisations financières",2411 - Avances remboursables sous conditions consenties à l'aviation civile,241101 - Équipements,0,0,0,"7853339,23",0
1,Recettes non fiscales,"24 - Remboursements et intérêts des prêts, avances et autres immobilisations financières",2411 - Avances remboursables sous conditions consenties à l'aviation civile,241102 - Avions,0,0,0,64556374,0
1,Recettes non fiscales,"24 - Remboursements et intérêts des prêts, avances et autres immobilisations financières",2411 - Avances remboursables sous conditions consenties à l'aviation civile,241103 - Moteurs,0,0,0,43446723,0
1,Recettes non fiscales,"24 - Remboursements et intérêts des prêts, avances et autres immobilisations financières",2411 - Avances remboursables sous conditions consenties à l'aviation civile,241104 - Hélicoptères,0,0,0,5254157,0
2,Recettes non fiscales,"24 - Remboursements et intérêts des prêts, avances et autres immobilisations financières",2411 - Avances remboursables sous conditions consenties à l'aviation civile (total),2411 - Avances remboursables sous conditions consenties à l'aviation civile (total),109382905,217095,109600000,"121110593,23",0
0,Recettes non fiscales,"24 - Remboursements et intérêts des prêts, avances et autres immobilisations financières",2413 - Reversement au titre des créances garanties par l'État,,12890000,0,12890000,0,0
1,Recettes non fiscales,"24 - Remboursements et intérêts des prêts, avances et autres immobilisations financières",2413 - Reversement au titre des créances garanties par l'État,241301 - Reversement au titre des créances garanties par l'État,0,0,0,"12859575,12",0
2,Recettes non fiscales,"24 - Remboursements et intérêts des prêts, avances et autres immobilisations financières",2413 - Reversement au titre des créances garanties par l'État (total),2413 - Reversement au titre des créances garanties par l'État (total),12890000,0,12890000,"12859575,12",0
0,Recettes non fiscales,"24 - Remboursements et intérêts des prêts, avances et autres immobilisations financières","2499 - Autres remboursements d'avances, de prêts et d'autres créances immobilisées",,365200000,70000000,435200000,0,0
1,Recettes non fiscales,"24 - Remboursements et intérêts des prêts, avances et autres immobilisations financières","2499 - Autres remboursements d'avances, de prêts et d'autres créances immobilisées",249901 - Principal prêts et avances aux organismes d'HLM Logements des fonctionnaires,0,0,0,"12802370,77",0
1,Recettes non fiscales,"24 - Remboursements et intérêts des prêts, avances et autres immobilisations financières","2499 - Autres remboursements d'avances, de prêts et d'autres créances immobilisées",249902 - Divers (capital) : autres prêts et avances à divers services de l'État ou organismes gérant des services publics,0,0,0,"14635,11",0
1,Recettes non fiscales,"24 - Remboursements et intérêts des prêts, avances et autres immobilisations financières","2499 - Autres remboursements d'avances, de prêts et d'autres créances immobilisées",249905 - Divers (capital) : prêts et avances à des particuliers (autres que les prêts d'honneur),0,0,0,"426048,65",0
1,Recettes non fiscales,"24 - Remboursements et intérêts des prêts, avances et autres immobilisations financières","2499 - Autres remboursements d'avances, de prêts et d'autres créances immobilisées",249906 - Divers (capital) : prêts aux villes nouvelles,0,0,0,"3631483,44",0
1,Recettes non fiscales,"24 - Remboursements et intérêts des prêts, avances et autres immobilisations financières","2499 - Autres remboursements d'avances, de prêts et d'autres créances immobilisées",249912 - Remboursement des prêts pour reboisement consentis en argent (ex-fonds forestier national),0,0,0,"903710,89",0
1,Recettes non fiscales,"24 - Remboursements et intérêts des prêts, avances et autres immobilisations financières","2499 - Autres remboursements d'avances, de prêts et d'autres créances immobilisées",249913 - Remboursement des prêts pour reboisement sous forme de travaux de reboisement (ex-fonds forestier national),0,0,0,"1124691,01",0
1,Recettes non fiscales,"24 - Remboursements et intérêts des prêts, avances et autres immobilisations financières","2499 - Autres remboursements d'avances, de prêts et d'autres créances immobilisées",249914 - Remboursement des prêts pour équipement et protection de la forêt consentis en argent (ex-fonds forestier national),0,0,0,"23449,24",0
1,Recettes non fiscales,"24 - Remboursements et intérêts des prêts, avances et autres immobilisations financières","2499 - Autres remboursements d'avances, de prêts et d'autres créances immobilisées",249916 - Remboursement des prêts d'honneur,0,0,0,"2304,88",0
1,Recettes non fiscales,"24 - Remboursements et intérêts des prêts, avances et autres immobilisations financières","2499 - Autres remboursements d'avances, de prêts et d'autres créances immobilisées",249920 - Remboursement des prêts au développement des services en ligne des entreprises de presse,0,0,0,"65805,6",0
1,Recettes non fiscales,"24 - Remboursements et intérêts des prêts, avances et autres immobilisations financières","2499 - Autres remboursements d'avances, de prêts et d'autres créances immobilisées",249922 - Remboursement des dépôts et cautionnements,0,0,0,"42338,55",0
1,Recettes non fiscales,"24 - Remboursements et intérêts des prêts, avances et autres immobilisations financières","2499 - Autres remboursements d'avances, de prêts et d'autres créances immobilisées",249924 - Programmes Investissements d'avenir (PIA) - reversements sur autres prêts et avances octroyées,0,0,0,"236515,28",0
1,Recettes non fiscales,"24 - Remboursements et intérêts des prêts, avances et autres immobilisations financières","2499 - Autres remboursements d'avances, de prêts et d'autres créances immobilisées",249927 - Remboursements FSPJ - fonds sans personnalité juridique - CDC (y compris PIA),0,0,0,"7615113,41",0
1,Recettes non fiscales,"24 - Remboursements et intérêts des prêts, avances et autres immobilisations financières","2499 - Autres remboursements d'avances, de prêts et d'autres créances immobilisées",249940 - Programmes Investissements d'avenir (PIA) - reversements sur prêts et avances remboursables sous condition octroyées- ADEME,0,0,0,"29746872,19",0
1,Recettes non fiscales,"24 - Remboursements et intérêts des prêts, avances et autres immobilisations financières","2499 - Autres remboursements d'avances, de prêts et d'autres créances immobilisées",249958 - Programmes Investissements d'avenir (PIA) - reversements sur autres prêts et avances octroyées- CDC,0,0,0,"179151,15",0
1,Recettes non fiscales,"24 - Remboursements et intérêts des prêts, avances et autres immobilisations financières","2499 - Autres remboursements d'avances, de prêts et d'autres créances immobilisées",249963 - Programmes Investissements d'avenir (PIA) - reversements sur autres prêts et avances octroyées- OSEO/BPI,0,0,0,"95702985,54",0
2,Recettes non fiscales,"24 - Remboursements et intérêts des prêts, avances et autres immobilisations financières","2499 - Autres remboursements d'avances, de prêts et d'autres créances immobilisées (total)","2499 - Autres remboursements d'avances, de prêts et d'autres créances immobilisées (total)",365200000,70000000,435200000,"152517475,71",0
3,Recettes non fiscales,"24 - Remboursements et intérêts des prêts, avances et autres immobilisations financières (total)","24 - Remboursements et intérêts des prêts, avances et autres immobilisations financières (total)","24 - Remboursements et intérêts des prêts, avances et autres immobilisations financières (total)",1181753301,14294926,1196048227,"1116418634,76","1116418634,76"
0,Recettes non fiscales,"25 - Amendes, sanctions, pénalités et frais de poursuites",2501 - Produits des amendes de la police de la circulation et du stationnement routiers,,663084092,143643998,806728090,0,0
1,Recettes non fiscales,"25 - Amendes, sanctions, pénalités et frais de poursuites",2501 - Produits des amendes de la police de la circulation et du stationnement routiers,250101 - Amendes forfaitaires hors CSA et amendes forfaitaires majorées affectées au financement du FIPD,0,0,0,45000000,0
1,Recettes non fiscales,"25 - Amendes, sanctions, pénalités et frais de poursuites",2501 - Produits des amendes de la police de la circulation et du stationnement routiers,250102 - Contribution au désendettement de l'État,0,0,0,715137656,0
2,Recettes non fiscales,"25 - Amendes, sanctions, pénalités et frais de poursuites",2501 - Produits des amendes de la police de la circulation et du stationnement routiers (total),2501 - Produits des amendes de la police de la circulation et du stationnement routiers (total),663084092,143643998,806728090,760137656,0
0,Recettes non fiscales,"25 - Amendes, sanctions, pénalités et frais de poursuites",2502 - Produits des amendes prononcées par les autorités de la concurrence,,700000000,27988735,727988735,0,0
1,Recettes non fiscales,"25 - Amendes, sanctions, pénalités et frais de poursuites",2502 - Produits des amendes prononcées par les autorités de la concurrence,250202 - Sanctions pécuniaires prononcées par les autorités administratives indépendantes nationales,0,0,0,"511707791,73",0
2,Recettes non fiscales,"25 - Amendes, sanctions, pénalités et frais de poursuites",2502 - Produits des amendes prononcées par les autorités de la concurrence (total),2502 - Produits des amendes prononcées par les autorités de la concurrence (total),700000000,27988735,727988735,"511707791,73",0
0,Recettes non fiscales,"25 - Amendes, sanctions, pénalités et frais de poursuites",2503 - Produits des amendes prononcées par les autres autorités administratives indépendantes,,285000000,-168610776,116389224,0,0
1,Recettes non fiscales,"25 - Amendes, sanctions, pénalités et frais de poursuites",2503 - Produits des amendes prononcées par les autres autorités administratives indépendantes,250301 - Sanctions pécuniaires prononcées par les autorités administratives indépendantes,0,0,0,"93651557,62",0
2,Recettes non fiscales,"25 - Amendes, sanctions, pénalités et frais de poursuites",2503 - Produits des amendes prononcées par les autres autorités administratives indépendantes (total),2503 - Produits des amendes prononcées par les autres autorités administratives indépendantes (total),285000000,-168610776,116389224,"93651557,62",0
0,Recettes non fiscales,"25 - Amendes, sanctions, pénalités et frais de poursuites",2504 - Recouvrements poursuivis à l'initiative de l'agence judiciaire de l'État,,8150000,4677426,12827426,0,0
1,Recettes non fiscales,"25 - Amendes, sanctions, pénalités et frais de poursuites",2504 - Recouvrements poursuivis à l'initiative de l'agence judiciaire de l'État,250401 - Recettes sur décision de justice rendues au profit de l'agent judiciaire de l'État en application de l'article 38 de la loi n°55-366 du 3 avril 1955,0,0,0,"6853367,12",0
1,Recettes non fiscales,"25 - Amendes, sanctions, pénalités et frais de poursuites",2504 - Recouvrements poursuivis à l'initiative de l'agence judiciaire de l'État,250402 - Recettes sur titre de perception émis par l'agent judiciaire de l'État,0,0,0,"3242508,67",0
2,Recettes non fiscales,"25 - Amendes, sanctions, pénalités et frais de poursuites",2504 - Recouvrements poursuivis à l'initiative de l'agence judiciaire de l'État (total),2504 - Recouvrements poursuivis à l'initiative de l'agence judiciaire de l'État (total),8150000,4677426,12827426,"10095875,79",0
0,Recettes non fiscales,"25 - Amendes, sanctions, pénalités et frais de poursuites",2505 - Produit des autres amendes et condamnations pécuniaires,,1229550000,-162891062,1066658938,0,0
1,Recettes non fiscales,"25 - Amendes, sanctions, pénalités et frais de poursuites",2505 - Produit des autres amendes et condamnations pécuniaires,250501 - Produits des autres amendes et condamnations pécuniaires,0,0,0,"882351785,59",0
1,Recettes non fiscales,"25 - Amendes, sanctions, pénalités et frais de poursuites",2505 - Produit des autres amendes et condamnations pécuniaires,250502 - Jours - amende,0,0,0,"20047182,98",0
1,Recettes non fiscales,"25 - Amendes, sanctions, pénalités et frais de poursuites",2505 - Produit des autres amendes et condamnations pécuniaires,250503 - Amendes prononcées par les ministres,0,0,0,"16566633,73",0
1,Recettes non fiscales,"25 - Amendes, sanctions, pénalités et frais de poursuites",2505 - Produit des autres amendes et condamnations pécuniaires,250504 - Sanctions administratives prononcées par les ordonnateurs secondaires,0,0,0,"4986937,99",0
1,Recettes non fiscales,"25 - Amendes, sanctions, pénalités et frais de poursuites",2505 - Produit des autres amendes et condamnations pécuniaires,250506 - Astreintes prononcées par les juridictions,0,0,0,"8686741,66",0
1,Recettes non fiscales,"25 - Amendes, sanctions, pénalités et frais de poursuites",2505 - Produit des autres amendes et condamnations pécuniaires,250509 - Contribution spéciale versée par les employeurs des étrangers sans autorisation de travail,0,0,0,"12353000,86",0
1,Recettes non fiscales,"25 - Amendes, sanctions, pénalités et frais de poursuites",2505 - Produit des autres amendes et condamnations pécuniaires,250510 - Contribution forfaitaire représentative des frais de réacheminement,0,0,0,"1785090,49",0
1,Recettes non fiscales,"25 - Amendes, sanctions, pénalités et frais de poursuites",2505 - Produit des autres amendes et condamnations pécuniaires,250511 - Amendes prononcées par le ministre de l'environnement - Article L541-10 du code de l'environnement,0,0,0,"38707,66",0
1,Recettes non fiscales,"25 - Amendes, sanctions, pénalités et frais de poursuites",2505 - Produit des autres amendes et condamnations pécuniaires,250512 - Amendes administratives - Loi consommation n° 2014-344,0,0,0,"49474611,45",0
1,Recettes non fiscales,"25 - Amendes, sanctions, pénalités et frais de poursuites",2505 - Produit des autres amendes et condamnations pécuniaires,250513 - Sanctions financières prononcées en matière de produits de santé (décret n° 2015-373 du 31 mars 2015),0,0,0,"564604,93",0
1,Recettes non fiscales,"25 - Amendes, sanctions, pénalités et frais de poursuites",2505 - Produit des autres amendes et condamnations pécuniaires,250514 - Amendes administratives en matière de détachement de travailleurs,0,0,0,"1343248,64",0
1,Recettes non fiscales,"25 - Amendes, sanctions, pénalités et frais de poursuites",2505 - Produit des autres amendes et condamnations pécuniaires,250516 - Amendes administratives prononcées dans le domaine des instruments de mesure,0,0,0,"262979,75",0
1,Recettes non fiscales,"25 - Amendes, sanctions, pénalités et frais de poursuites",2505 - Produit des autres amendes et condamnations pécuniaires,250517 - Sanctions pécuniaires prononcées par la Commission Nationale des Sanctions - Article L561-40 du code monétaire et financier,0,0,0,"108526,75",0
1,Recettes non fiscales,"25 - Amendes, sanctions, pénalités et frais de poursuites",2505 - Produit des autres amendes et condamnations pécuniaires,250518 - Amendes administratives en matière de stages,0,0,0,43475,0
1,Recettes non fiscales,"25 - Amendes, sanctions, pénalités et frais de poursuites",2505 - Produit des autres amendes et condamnations pécuniaires,250519 - Amendes administratives relatives aux manquements commis en matière de durée du travail,0,0,0,"6864205,31",0
1,Recettes non fiscales,"25 - Amendes, sanctions, pénalités et frais de poursuites",2505 - Produit des autres amendes et condamnations pécuniaires,250520 - Amendes administratives relatives aux manquements commis en matière de salaire,0,0,0,"73309,54",0
1,Recettes non fiscales,"25 - Amendes, sanctions, pénalités et frais de poursuites",2505 - Produit des autres amendes et condamnations pécuniaires,250521 - Amendes administratives relatives aux manquements commis en matière de santé ou de sécurité,0,0,0,"2796304,25",0
1,Recettes non fiscales,"25 - Amendes, sanctions, pénalités et frais de poursuites",2505 - Produit des autres amendes et condamnations pécuniaires,250522 - Amendes administratives sanctionnant le manquement à l'obligation de carte d'identification professionnelle pour les salariés effectuant des travaux de bâtiment et de travaux publics,0,0,0,"404824,92",0
1,Recettes non fiscales,"25 - Amendes, sanctions, pénalités et frais de poursuites",2505 - Produit des autres amendes et condamnations pécuniaires,250523 - Sanctions administratives prévues à l'article L531-6 du Code de la consommation,0,0,0,"473672,49",0
1,Recettes non fiscales,"25 - Amendes, sanctions, pénalités et frais de poursuites",2505 - Produit des autres amendes et condamnations pécuniaires,250524 - Diverses amendes forfaitaires délictuelles,0,0,0,"36124791,18",0
1,Recettes non fiscales,"25 - Amendes, sanctions, pénalités et frais de poursuites",2505 - Produit des autres amendes et condamnations pécuniaires,"250525 - Amendes ""encadrement des loyers"" : article 140  loi n° 2018-1021",0,0,0,"26218,8",0
1,Recettes non fiscales,"25 - Amendes, sanctions, pénalités et frais de poursuites",2505 - Produit des autres amendes et condamnations pécuniaires,250527 - Amendes administratives environnementale de l'article L171-8 du code de l'environnement,0,0,0,"791176,86",0
1,Recettes non fiscales,"25 - Amendes, sanctions, pénalités et frais de poursuites",2505 - Produit des autres amendes et condamnations pécuniaires,250528 - Astreinte environnementale de l'article L171-8 du code de l'environnement,0,0,0,"1966253,68",0
1,Recettes non fiscales,"25 - Amendes, sanctions, pénalités et frais de poursuites",2505 - Produit des autres amendes et condamnations pécuniaires,250530 - Amendes administratives en cas de non respect de déclarations de chantiers forestiers ou sylvicoles,0,0,0,"27447,32",0
1,Recettes non fiscales,"25 - Amendes, sanctions, pénalités et frais de poursuites",2505 - Produit des autres amendes et condamnations pécuniaires,250531 - Sanctions pécuniaires émises à l'encontre de certains professionnels du Droit,0,0,0,29636,0
1,Recettes non fiscales,"25 - Amendes, sanctions, pénalités et frais de poursuites",2505 - Produit des autres amendes et condamnations pécuniaires,250532 - Amende administrative à l'encontre des entreprises ou particuliers employant des étrangers en méconnaissance du droit du travail français,0,0,0,"89934,33",0
2,Recettes non fiscales,"25 - Amendes, sanctions, pénalités et frais de poursuites",2505 - Produit des autres amendes et condamnations pécuniaires (total),2505 - Produit des autres amendes et condamnations pécuniaires (total),1229550000,-162891062,1066658938,"1048281302,16",0
0,Recettes non fiscales,"25 - Amendes, sanctions, pénalités et frais de poursuites",2510 - Frais de poursuite,,12491893,-5964241,6527652,0,0
1,Recettes non fiscales,"25 - Amendes, sanctions, pénalités et frais de poursuites",2510 - Frais de poursuite,251001 - Produits des autres amendes et condamnations pécuniaires Frais de poursuites,0,0,0,"4314934,99",0
1,Recettes non fiscales,"25 - Amendes, sanctions, pénalités et frais de poursuites",2510 - Frais de poursuite,251003 - Frais de poursuites exercés sur produits fiscaux et non fiscaux dont Domaine,0,0,0,"202906,16",0
1,Recettes non fiscales,"25 - Amendes, sanctions, pénalités et frais de poursuites",2510 - Frais de poursuite,251004 - Recouvrement des frais de poursuite,0,0,0,"299909,73",0
2,Recettes non fiscales,"25 - Amendes, sanctions, pénalités et frais de poursuites",2510 - Frais de poursuite (total),2510 - Frais de poursuite (total),12491893,-5964241,6527652,"4817750,88",0
0,Recettes non fiscales,"25 - Amendes, sanctions, pénalités et frais de poursuites",2511 - Frais de justice et d'instance,,10088401,-1981452,8106949,0,0
1,Recettes non fiscales,"25 - Amendes, sanctions, pénalités et frais de poursuites",2511 - Frais de justice et d'instance,251101 - Recouvrement des frais de justice et d'instance,0,0,0,"182058,43",0
1,Recettes non fiscales,"25 - Amendes, sanctions, pénalités et frais de poursuites",2511 - Frais de justice et d'instance,251102 - Aide juridictionnelle,0,0,0,"6973775,49",0
1,Recettes non fiscales,"25 - Amendes, sanctions, pénalités et frais de poursuites",2511 - Frais de justice et d'instance,251103 - Frais de traduction des demandes d'aide juridictionnelle transfrontalière,0,0,0,549,0
2,Recettes non fiscales,"25 - Amendes, sanctions, pénalités et frais de poursuites",2511 - Frais de justice et d'instance (total),2511 - Frais de justice et d'instance (total),10088401,-1981452,8106949,"7156382,92",0
0,Recettes non fiscales,"25 - Amendes, sanctions, pénalités et frais de poursuites",2512 - Intérêts moratoires,,0,2397,2397,0,0
1,Recettes non fiscales,"25 - Amendes, sanctions, pénalités et frais de poursuites",2512 - Intérêts moratoires,251201 - Produits des autres amendes et condamnations pécuniaires Intérêts moratoires,0,0,0,"15057,82",0
1,Recettes non fiscales,"25 - Amendes, sanctions, pénalités et frais de poursuites",2512 - Intérêts moratoires,251205 - Intérêts moratoires des autres créances diverses,0,0,0,"1434,43",0
2,Recettes non fiscales,"25 - Amendes, sanctions, pénalités et frais de poursuites",2512 - Intérêts moratoires (total),2512 - Intérêts moratoires (total),0,2397,2397,"16492,25",0
0,Recettes non fiscales,"25 - Amendes, sanctions, pénalités et frais de poursuites",2513 - Pénalités,,2160258,948386,3108644,0,0
1,Recettes non fiscales,"25 - Amendes, sanctions, pénalités et frais de poursuites",2513 - Pénalités,251303 - Recettes diverses et pénalités Domaine,0,0,0,"2688,22",0
1,Recettes non fiscales,"25 - Amendes, sanctions, pénalités et frais de poursuites",2513 - Pénalités,251304 - Pénalités diverses,0,0,0,"3837925,52",0
1,Recettes non fiscales,"25 - Amendes, sanctions, pénalités et frais de poursuites",2513 - Pénalités,251305 - Pénalité relative au dispositif des certificats d'économie d'énergie,0,0,0,"77655,01",0
2,Recettes non fiscales,"25 - Amendes, sanctions, pénalités et frais de poursuites",2513 - Pénalités (total),2513 - Pénalités (total),2160258,948386,3108644,"3918268,75",0
3,Recettes non fiscales,"25 - Amendes, sanctions, pénalités et frais de poursuites (total)","25 - Amendes, sanctions, pénalités et frais de poursuites (total)","25 - Amendes, sanctions, pénalités et frais de poursuites (total)",2910524644,-162186589,2748338055,"2439783078,1","2439783078,1"
0,Recettes non fiscales,26 - Divers,2601 - Reversements de Natixis,,20000000,198000000,218000000,0,0
1,Recettes non fiscales,26 - Divers,2601 - Reversements de Natixis,260101 - Reversements de Natixis,0,0,0,"218936355,11",0
2,Recettes non fiscales,26 - Divers,2601 - Reversements de Natixis (total),2601 - Reversements de Natixis (total),20000000,198000000,218000000,"218936355,11",0
0,Recettes non fiscales,26 - Divers,2602 - Reversements au titre des procédures de soutien financier au commerce extérieur,,460600000,-114800000,345800000,0,0
1,Recettes non fiscales,26 - Divers,2602 - Reversements au titre des procédures de soutien financier au commerce extérieur,260201 - Reversements au titre des procédures de soutien financier au commerce extérieur,0,0,0,341314402,0
2,Recettes non fiscales,26 - Divers,2602 - Reversements au titre des procédures de soutien financier au commerce extérieur (total),2602 - Reversements au titre des procédures de soutien financier au commerce extérieur (total),460600000,-114800000,345800000,341314402,0
0,Recettes non fiscales,26 - Divers,2603 - Prélèvements sur les fonds d'épargne gérés par la Caisse des Dépôts et Consignations,,500000000,8000000,508000000,0,0
1,Recettes non fiscales,26 - Divers,2603 - Prélèvements sur les fonds d'épargne gérés par la Caisse des Dépôts et Consignations,260301 - Rémunération de la garantie accordée par l'État aux caisses d'épargne,0,0,0,508000000,0
1,Recettes non fiscales,26 - Divers,2603 - Prélèvements sur les fonds d'épargne gérés par la Caisse des Dépôts et Consignations,260303 - Autres prélèvements sur les fonds gérés par la Caisse des dépôts et consignations,0,0,0,"8297380,43",0
2,Recettes non fiscales,26 - Divers,2603 - Prélèvements sur les fonds d'épargne gérés par la Caisse des Dépôts et Consignations (total),2603 - Prélèvements sur les fonds d'épargne gérés par la Caisse des Dépôts et Consignations (total),500000000,8000000,508000000,"516297380,43",0
0,Recettes non fiscales,26 - Divers,2604 - Divers produits de la rémunération de la garantie de l'État,,361000000,-70820000,290180000,0,0
1,Recettes non fiscales,26 - Divers,2604 - Divers produits de la rémunération de la garantie de l'État,260401 - Redevances versées par les entreprises dont les emprunts bénéficient de la garantie de l'État,0,0,0,"111778322,02",0
1,Recettes non fiscales,26 - Divers,2604 - Divers produits de la rémunération de la garantie de l'État,260404 - Prime d'assurance crédit pour prêt direct de l'État sans élément don équivalents à des crédits privés garantis (commission de mobilisation et de gestion),0,0,0,"2981295,02",0
1,Recettes non fiscales,26 - Divers,2604 - Divers produits de la rémunération de la garantie de l'État,260405 - Rémunération des garanties accordées par l'État pour le financement de DEXIA (convention de 2011-2013),0,0,0,"8850505,41",0
1,Recettes non fiscales,26 - Divers,2604 - Divers produits de la rémunération de la garantie de l'État,260406 - Rémunérations diverses des garanties accordées par l'État,0,0,0,"130766860,79",0
1,Recettes non fiscales,26 - Divers,2604 - Divers produits de la rémunération de la garantie de l'État,260407 - Commissions des prêts garantis par l’État,0,0,0,"54518933,12",0
2,Recettes non fiscales,26 - Divers,2604 - Divers produits de la rémunération de la garantie de l'État (total),2604 - Divers produits de la rémunération de la garantie de l'État (total),361000000,-70820000,290180000,"308895916,36",0
0,Recettes non fiscales,26 - Divers,2611 - Produits des chancelleries diplomatiques et consulaires,,286348100,-13326100,273022000,0,0
1,Recettes non fiscales,26 - Divers,2611 - Produits des chancelleries diplomatiques et consulaires,261101 - Produits des chancelleries diplomatiques et consulaires,0,0,0,"287018295,57",0
2,Recettes non fiscales,26 - Divers,2611 - Produits des chancelleries diplomatiques et consulaires (total),2611 - Produits des chancelleries diplomatiques et consulaires (total),286348100,-13326100,273022000,"287018295,57",0
0,Recettes non fiscales,26 - Divers,2612 - Redevances et divers produits pour frais de contrôle et de gestion,,5196428,8331599,13528027,0,0
1,Recettes non fiscales,26 - Divers,2612 - Redevances et divers produits pour frais de contrôle et de gestion,261201 - Taxes et redevances assises par le service des instruments de mesure,0,0,0,"27942,67",0
1,Recettes non fiscales,26 - Divers,2612 - Redevances et divers produits pour frais de contrôle et de gestion,261202 - Redevances pour frais de contrôle des distributions d'énergie électrique et des concessions de force hydraulique,0,0,0,"184925,44",0
1,Recettes non fiscales,26 - Divers,2612 - Redevances et divers produits pour frais de contrôle et de gestion,261205 - Taxes d'épreuves d'appareils à pression de vapeur ou de gaz,0,0,0,"265936,1",0
1,Recettes non fiscales,26 - Divers,2612 - Redevances et divers produits pour frais de contrôle et de gestion,261208 - Droit fixe d'autorisation de mise sur le marché de spécialités pharmaceutiques à usage vétérinaire ,0,0,0,"9246469,91",0
1,Recettes non fiscales,26 - Divers,2612 - Redevances et divers produits pour frais de contrôle et de gestion,261210 - Redevances pour expertises ou vérifications techniques Redevances additionnelles aux redevances pour visite et vérification de véhicules Service des Mines,0,0,0,"2547659,51",0
1,Recettes non fiscales,26 - Divers,2612 - Redevances et divers produits pour frais de contrôle et de gestion,261214 - Remboursement de divers frais de gestion et de contrôle ,0,0,0,"555958,86",0
1,Recettes non fiscales,26 - Divers,2612 - Redevances et divers produits pour frais de contrôle et de gestion,261215 - Remboursement des frais de gestion par les associations syndicales autorisées et par la Caisse nationale autonome de sécurité sociale des mines ,0,0,0,"280895,88",0
1,Recettes non fiscales,26 - Divers,2612 - Redevances et divers produits pour frais de contrôle et de gestion,"261218 - Frais d'inspection des navires et bâtiments de mer et tous frais annexes, y c frais d'immobilisation (décret 2009-301 du 18 mars 2009)",0,0,0,62370,0
2,Recettes non fiscales,26 - Divers,2612 - Redevances et divers produits pour frais de contrôle et de gestion (total),2612 - Redevances et divers produits pour frais de contrôle et de gestion (total),5196428,8331599,13528027,"13172158,37",0
1,Recettes non fiscales,26 - Divers,2613 - Prélèvement effectué sur les salaires des conservateurs des hypothèques,261301 - Prélèvement effectué sur les salaires des conservateurs des hypothèques,0,0,0,3756,0
2,Recettes non fiscales,26 - Divers,2613 - Prélèvement effectué sur les salaires des conservateurs des hypothèques (total),2613 - Prélèvement effectué sur les salaires des conservateurs des hypothèques (total),0,0,0,3756,0
0,Recettes non fiscales,26 - Divers,2615 - Commissions et frais de trésorerie perçus par l'État dans le cadre de son activité régalienne,,0,50093,50093,0,0
1,Recettes non fiscales,26 - Divers,2615 - Commissions et frais de trésorerie perçus par l'État dans le cadre de son activité régalienne,261501 - Changement de libellé : commissions interbancaires rétrocédées,0,0,0,"31118,66",0
2,Recettes non fiscales,26 - Divers,2615 - Commissions et frais de trésorerie perçus par l'État dans le cadre de son activité régalienne (total),2615 - Commissions et frais de trésorerie perçus par l'État dans le cadre de son activité régalienne (total),0,50093,50093,"31118,66",0
0,Recettes non fiscales,26 - Divers,2616 - Frais d'inscription,,5876148,806972,6683120,0,0
1,Recettes non fiscales,26 - Divers,2616 - Frais d'inscription,"261601 - Droits d'inscription pour les examens organisés par les différents ministères, droits de diplômes et de scolarité perçus dans les différentes écoles du Gouvernement",0,0,0,"472486,28",0
1,Recettes non fiscales,26 - Divers,2616 - Frais d'inscription,261602 - Frais d'inscription au registre du commerce TGI à compétence commerciale,0,0,0,"6276963,36",0
2,Recettes non fiscales,26 - Divers,2616 - Frais d'inscription (total),2616 - Frais d'inscription (total),5876148,806972,6683120,"6749449,64",0
0,Recettes non fiscales,26 - Divers,2617 - Recouvrement des indemnisations versées par l'État au titre des expulsions locatives,,8263620,-1647466,6616154,0,0
1,Recettes non fiscales,26 - Divers,2617 - Recouvrement des indemnisations versées par l'État au titre des expulsions locatives,261701 - Recouvrement des indemnisations versées par l'État dans le cadre de la procédure des expulsions locatives,0,0,0,"5973158,06",0
2,Recettes non fiscales,26 - Divers,2617 - Recouvrement des indemnisations versées par l'État au titre des expulsions locatives (total),2617 - Recouvrement des indemnisations versées par l'État au titre des expulsions locatives (total),8263620,-1647466,6616154,"5973158,06",0
0,Recettes non fiscales,26 - Divers,2618 - Remboursement des frais de scolarité et accessoires,,4845746,822578,5668324,0,0
1,Recettes non fiscales,26 - Divers,2618 - Remboursement des frais de scolarité et accessoires,"261801 - Remboursements de frais de scolarité, de pension et de trousseau par les anciens élèves des écoles du Gouvernement qui quittent prématurément le service de l'État",0,0,0,"2421453,58",0
1,Recettes non fiscales,26 - Divers,2618 - Remboursement des frais de scolarité et accessoires,261802 - Pensions et trousseaux des élèves des écoles du Gouvernement,0,0,0,"3064814,05",0
2,Recettes non fiscales,26 - Divers,2618 - Remboursement des frais de scolarité et accessoires (total),2618 - Remboursement des frais de scolarité et accessoires (total),4845746,822578,5668324,"5486267,63",0
0,Recettes non fiscales,26 - Divers,2620 - Récupération d'indus,,29090000,231910000,261000000,0,0
1,Recettes non fiscales,26 - Divers,2620 - Récupération d'indus,262002 - Récupération des indus sur les allocations de revenu minimum d'insertion (RAR),0,0,0,"51155,3",0
1,Recettes non fiscales,26 - Divers,2620 - Récupération d'indus,262003 - Récupération des indus sur rémunérations (ne donnant pas lieu à rétablissement de crédits) Restes à recouvrer,0,0,0,"54377,18",0
1,Recettes non fiscales,26 - Divers,2620 - Récupération d'indus,262004 - Récupération des indus sur allocations diverses versés par des organismes tiers,0,0,0,"125493,15",0
1,Recettes non fiscales,26 - Divers,2620 - Récupération d'indus,262005 - Récupération des avantages indus sur prêt à taux zéro,0,0,0,"83384,46",0
1,Recettes non fiscales,26 - Divers,2620 - Récupération d'indus,262006 - Récupération des indus sur l'aide au financement de la formation à la conduite et à la sécurité routière,0,0,0,3730,0
1,Recettes non fiscales,26 - Divers,2620 - Récupération d'indus,262007 - Récupération des indus sur la prime de retour à l'emploi,0,0,0,"5567,05",0
1,Recettes non fiscales,26 - Divers,2620 - Récupération d'indus,"262008 - Récupération des indus sur l'aide exceptionnelle de fin d'année aux bénéficiaires du revenu minimum d'insertion, du revenu de solidarité active et de la prime forfaitaire dite ""prime de Noël""",0,0,0,"1612,62",0
1,Recettes non fiscales,26 - Divers,2620 - Récupération d'indus,262011 - Récupération des indus de l'aide exceptionnelle inflation,0,0,0,4800,0
1,Recettes non fiscales,26 - Divers,2620 - Récupération d'indus,262012 - Récupération des indus du Fonds de solidarité ne donnant pas lieu à rétablissement de crédit,0,0,0,"45155513,14",0
1,Recettes non fiscales,26 - Divers,2620 - Récupération d'indus,262099 - Récupération des autres indus ne donnant pas lieu à rétablissement de crédit,0,0,0,"60850138,57",0
2,Recettes non fiscales,26 - Divers,2620 - Récupération d'indus (total),2620 - Récupération d'indus (total),29090000,231910000,261000000,"106335771,47",0
0,Recettes non fiscales,26 - Divers,2621 - Recouvrements après admission en non-valeur,,114350000,925202,115275202,0,0
1,Recettes non fiscales,26 - Divers,2621 - Recouvrements après admission en non-valeur,262101 - Recouvrement après admission en non valeur,0,0,0,"71431790,29",0
1,Recettes non fiscales,26 - Divers,2621 - Recouvrements après admission en non-valeur,262102 - Recettes sur créances admises en non valeur,0,0,0,"47865598,18",0
2,Recettes non fiscales,26 - Divers,2621 - Recouvrements après admission en non-valeur (total),2621 - Recouvrements après admission en non-valeur (total),114350000,925202,115275202,"119297388,47",0
0,Recettes non fiscales,26 - Divers,2622 - Divers versements de l'Union européenne,,7483000000,0,7483000000,0,0
1,Recettes non fiscales,26 - Divers,2622 - Divers versements de l'Union européenne,262201 - Autres versements de l'Union européenne,0,0,0,"105,05",0
1,Recettes non fiscales,26 - Divers,2622 - Divers versements de l'Union européenne,262202 - Autres versements de l'Union européenne - Facilité pour la Relance et la Résilience,0,0,0,7482919967,0
2,Recettes non fiscales,26 - Divers,2622 - Divers versements de l'Union européenne (total),2622 - Divers versements de l'Union européenne (total),7483000000,0,7483000000,"7482920072,05",0
0,Recettes non fiscales,26 - Divers,2623 - Reversements de fonds sur les dépenses des ministères ne donnant pas lieu à rétablissement de crédits,,32698352,34930368,67628720,0,0
1,Recettes non fiscales,26 - Divers,2623 - Reversements de fonds sur les dépenses des ministères ne donnant pas lieu à rétablissement de crédits,262301 - Reversements de fonds sur les dépenses des ministères ne donnant pas lieu à rétablissement de crédits,0,0,0,"96340609,25",0
2,Recettes non fiscales,26 - Divers,2623 - Reversements de fonds sur les dépenses des ministères ne donnant pas lieu à rétablissement de crédits (total),2623 - Reversements de fonds sur les dépenses des ministères ne donnant pas lieu à rétablissement de crédits (total),32698352,34930368,67628720,"96340609,25",0
0,Recettes non fiscales,26 - Divers,2624 - Intérêts divers (hors immobilisations financières),,29870000,9120238,38990238,0,0
1,Recettes non fiscales,26 - Divers,2624 - Intérêts divers (hors immobilisations financières),262401 - Intérêts servis par diverses banques aux comptables de la DGFIP (ex Trésor),0,0,0,"2735920,34",0
1,Recettes non fiscales,26 - Divers,2624 - Intérêts divers (hors immobilisations financières),262402 - Autres intérêts divers,0,0,0,"46715295,88",0
2,Recettes non fiscales,26 - Divers,2624 - Intérêts divers (hors immobilisations financières) (total),2624 - Intérêts divers (hors immobilisations financières) (total),29870000,9120238,38990238,"49451216,22",0
0,Recettes non fiscales,26 - Divers,2625 - Recettes diverses en provenance de l'étranger,,9580000,-6761518,2818482,0,0
1,Recettes non fiscales,26 - Divers,2625 - Recettes diverses en provenance de l'étranger,262501 - États étrangers,0,0,0,"3280821,89",0
2,Recettes non fiscales,26 - Divers,2625 - Recettes diverses en provenance de l'étranger (total),2625 - Recettes diverses en provenance de l'étranger (total),9580000,-6761518,2818482,"3280821,89",0
0,Recettes non fiscales,26 - Divers,2626 - Remboursement de certaines exonérations de taxe foncière sur les propriétés non bâties (art.109 de la loi de finances pour 1992),,3373514,201469,3574983,0,0
1,Recettes non fiscales,26 - Divers,2626 - Remboursement de certaines exonérations de taxe foncière sur les propriétés non bâties (art.109 de la loi de finances pour 1992),262601 - Recettes diverses - Remboursement des dégrèvements au titre de l'article 109 de la loi de finances pour 1992,0,0,0,"3780432,41",0
2,Recettes non fiscales,26 - Divers,2626 - Remboursement de certaines exonérations de taxe foncière sur les propriétés non bâties (art.109 de la loi de finances pour 1992) (total),2626 - Remboursement de certaines exonérations de taxe foncière sur les propriétés non bâties (art.109 de la loi de finances pour 1992) (total),3373514,201469,3574983,"3780432,41",0
0,Recettes non fiscales,26 - Divers,2697 - Recettes accidentelles,,347780000,53606339,401386339,0,0
1,Recettes non fiscales,26 - Divers,2697 - Recettes accidentelles,269704 - Remboursement de dégrèvements au titre de la THLV,0,0,0,25849119,0
1,Recettes non fiscales,26 - Divers,2697 - Recettes accidentelles,269708 - Contribution forfaitaire représentative des frais de réacheminement des étrangers dans leur pays d'origine,0,0,0,"6350,34",0
1,Recettes non fiscales,26 - Divers,2697 - Recettes accidentelles,269710 - Diverses recettes,0,0,0,"332144670,93",0
1,Recettes non fiscales,26 - Divers,2697 - Recettes accidentelles,269715 - Débets juridictionnels,0,0,0,"111001,57",0
1,Recettes non fiscales,26 - Divers,2697 - Recettes accidentelles,269716 - Remboursement de dégrèvements au titre de la taxe sur les logements meublés non affectés à l'habitation principale,0,0,0,2516130,0
2,Recettes non fiscales,26 - Divers,2697 - Recettes accidentelles (total),2697 - Recettes accidentelles (total),347780000,53606339,401386339,"360627271,84",0
0,Recettes non fiscales,26 - Divers,2698 - Produits divers,,74000000,-27507145,46492855,0,0
1,Recettes non fiscales,26 - Divers,2698 - Produits divers,"269802 - Contribution des offices et établissements publics de l'État dotés de l'autonomie financière et des compagnies de navigation subventionnées, sociétés d'économie mixte, entreprises de toute nature ayant fait appel au concours financier de l'État",0,0,0,63150,0
1,Recettes non fiscales,26 - Divers,2698 - Produits divers,269803 - Ressources à provenir de l'application des règles relatives aux cumuls des rémunérations d'activité,0,0,0,"6760,65",0
1,Recettes non fiscales,26 - Divers,2698 - Produits divers,269807 - Reversements prévus en loi de finances,0,0,0,"40029169,28",0
1,Recettes non fiscales,26 - Divers,2698 - Produits divers,269810 - Remboursement de la part agent des titres restaurant,0,0,0,"1521958,56",0
1,Recettes non fiscales,26 - Divers,2698 - Produits divers,269812 - Remboursement par la CNAF à l'État du congé paternité des fonctionnaires,0,0,0,"26746453,79",0
2,Recettes non fiscales,26 - Divers,2698 - Produits divers (total),2698 - Produits divers (total),74000000,-27507145,46492855,"68367492,28",0
0,Recettes non fiscales,26 - Divers,2699 - Autres produits divers,,392044507,271802706,663847213,0,0
1,Recettes non fiscales,26 - Divers,2699 - Autres produits divers,269901 - Recettes diverses des services extérieurs de la DGFIP (ex Trésor ),0,0,0,"133822,09",0
1,Recettes non fiscales,26 - Divers,2699 - Autres produits divers,269903 - Divers,0,0,0,"25540,17",0
1,Recettes non fiscales,26 - Divers,2699 - Autres produits divers,269905 - Recettes afférentes au domaine de l'action sanitaire,0,0,0,"65732,95",0
1,Recettes non fiscales,26 - Divers,2699 - Autres produits divers,269906 - Autres recettes diverses,0,0,0,"536535950,63",0
1,Recettes non fiscales,26 - Divers,2699 - Autres produits divers,269909 - Reversement d'aides d'État indues,0,0,0,"756309,82",0
1,Recettes non fiscales,26 - Divers,2699 - Autres produits divers,"269916 - Programmes Investissements d'avenir (PIA) - Subventions, redevances, royalties et autres recettes - CDC",0,0,0,"446492,08",0
1,Recettes non fiscales,26 - Divers,2699 - Autres produits divers,"269918 - Programmes Investissements d'avenir (PIA) - Subventions, redevances, royalties et autres recettes -CNES",0,0,0,"450584,4",0
1,Recettes non fiscales,26 - Divers,2699 - Autres produits divers,"269921 - Programmes Investissements d'avenir (PIA) - Subventions, redevances, royalties et autres recettes - OSEO/BPI",0,0,0,15327865,0
1,Recettes non fiscales,26 - Divers,2699 - Autres produits divers,269923 - Contribution financière pour non respect de l'obligation de nominations équilibrées dans l'encadrement supérieur de la fonction publique,0,0,0,270000,0
1,Recettes non fiscales,26 - Divers,2699 - Autres produits divers,269925 - Avoirs des joueurs en déshérence dûs par la FDJ au titre de la loterie en ligne et par les opérateurs agréés par l'ARJEL,0,0,0,"2483838,8",0
1,Recettes non fiscales,26 - Divers,2699 - Autres produits divers,269926 - Revenus tirés de la mise aux enchères des garanties d'origine,0,0,0,"40384423,46",0
2,Recettes non fiscales,26 - Divers,2699 - Autres produits divers (total),2699 - Autres produits divers (total),392044507,271802706,663847213,"596880559,4",0
3,Recettes non fiscales,26 - Divers (total),26 - Divers (total),26 - Divers (total),10167916415,583645335,10751561750,"10591159893,11","10591159893,11"
4,Recettes non fiscales (total),Recettes non fiscales (total),Recettes non fiscales (total),Recettes non fiscales (total),22703930278,1008553633,23712483911,"23211606094,11","23211606094,11"
0,Prélèvements sur les recettes de l'État,31 - Prélèvements sur les recettes de l'État au profit des collectivités territoriales,3101 - Prélèvement sur les recettes de l'État au titre de la dotation globale de fonctionnement,,-27245046362,0,-27245046362,0,0
1,Prélèvements sur les recettes de l'État,31 - Prélèvements sur les recettes de l'État au profit des collectivités territoriales,3101 - Prélèvement sur les recettes de l'État au titre de la dotation globale de fonctionnement,310101 - Dotation globale de fonctionnement,0,0,0,"-27238523706,95",0
2,Prélèvements sur les recettes de l'État,31 - Prélèvements sur les recettes de l'État au profit des collectivités territoriales,3101 - Prélèvement sur les recettes de l'État au titre de la dotation globale de fonctionnement (total),3101 - Prélèvement sur les recettes de l'État au titre de la dotation globale de fonctionnement (total),-27245046362,0,-27245046362,"-27238523706,95",0
0,Prélèvements sur les recettes de l'État,31 - Prélèvements sur les recettes de l'État au profit des collectivités territoriales,3103 - Prélèvement sur les recettes de l'État au titre de la dotation spéciale pour le logement des instituteurs,,-4753232,0,-4753232,0,0
1,Prélèvements sur les recettes de l'État,31 - Prélèvements sur les recettes de l'État au profit des collectivités territoriales,3103 - Prélèvement sur les recettes de l'État au titre de la dotation spéciale pour le logement des instituteurs,310301 - Dotation spéciale instituteurs,0,0,0,-3620360,0
2,Prélèvements sur les recettes de l'État,31 - Prélèvements sur les recettes de l'État au profit des collectivités territoriales,3103 - Prélèvement sur les recettes de l'État au titre de la dotation spéciale pour le logement des instituteurs (total),3103 - Prélèvement sur les recettes de l'État au titre de la dotation spéciale pour le logement des instituteurs (total),-4753232,0,-4753232,-3620360,0
0,Prélèvements sur les recettes de l'État,31 - Prélèvements sur les recettes de l'État au profit des collectivités territoriales,3104 - Dotation de compensation des pertes de bases de la taxe professionnelle et de redevance des mines des communes et de leurs groupements,,-30000000,0,-30000000,0,0
1,Prélèvements sur les recettes de l'État,31 - Prélèvements sur les recettes de l'État au profit des collectivités territoriales,3104 - Dotation de compensation des pertes de bases de la taxe professionnelle et de redevance des mines des communes et de leurs groupements,"310401 - Compensation des pertes de CET, de redevances des mines, et de pertes de bases de TP aux communes et  EPCI",0,0,0,-6784395,0
2,Prélèvements sur les recettes de l'État,31 - Prélèvements sur les recettes de l'État au profit des collectivités territoriales,3104 - Dotation de compensation des pertes de bases de la taxe professionnelle et de redevance des mines des communes et de leurs groupements (total),3104 - Dotation de compensation des pertes de bases de la taxe professionnelle et de redevance des mines des communes et de leurs groupements (total),-30000000,0,-30000000,-6784395,0
0,Prélèvements sur les recettes de l'État,31 - Prélèvements sur les recettes de l'État au profit des collectivités territoriales,3106 - Prélèvement sur les recettes de l'État au profit du Fonds de compensation pour la taxe sur la valeur ajoutée (FCTVA),,-7104000000,0,-7104000000,0,0
1,Prélèvements sur les recettes de l'État,31 - Prélèvements sur les recettes de l'État au profit des collectivités territoriales,3106 - Prélèvement sur les recettes de l'État au profit du Fonds de compensation pour la taxe sur la valeur ajoutée (FCTVA),310601 - FCTVA de droit commun,0,0,0,"-7382037274,85",0
2,Prélèvements sur les recettes de l'État,31 - Prélèvements sur les recettes de l'État au profit des collectivités territoriales,3106 - Prélèvement sur les recettes de l'État au profit du Fonds de compensation pour la taxe sur la valeur ajoutée (FCTVA) (total),3106 - Prélèvement sur les recettes de l'État au profit du Fonds de compensation pour la taxe sur la valeur ajoutée (FCTVA) (total),-7104000000,0,-7104000000,"-7382037274,85",0
0,Prélèvements sur les recettes de l'État,31 - Prélèvements sur les recettes de l'État au profit des collectivités territoriales,3107 - Prélèvement sur les recettes de l'État au titre de la compensation d'exonérations relatives à la fiscalité locale,,-664114745,0,-664114745,0,0
1,Prélèvements sur les recettes de l'État,31 - Prélèvements sur les recettes de l'État au profit des collectivités territoriales,3107 - Prélèvement sur les recettes de l'État au titre de la compensation d'exonérations relatives à la fiscalité locale,310701 - Compensation d'exonérations relatives à la fiscalité locale,0,0,0,-726494767,0
1,Prélèvements sur les recettes de l'État,31 - Prélèvements sur les recettes de l'État au profit des collectivités territoriales,3107 - Prélèvement sur les recettes de l'État au titre de la compensation d'exonérations relatives à la fiscalité locale,310702 - Prélèvement sur les recettes de l'État au titre de la compensation d'exonérations relatives à la fiscalité locale - Compensation de l'impôt sur les spectacles,0,0,0,"-20186755,69",0
1,Prélèvements sur les recettes de l'État,31 - Prélèvements sur les recettes de l'État au profit des collectivités territoriales,3107 - Prélèvement sur les recettes de l'État au titre de la compensation d'exonérations relatives à la fiscalité locale,310703 - Prélèvement sur les recettes de l'État au titre de la compensation d'exonérations relatives à la fiscalité locale - TA aux droits d'enregistrement de cessions de fonds de commerce,0,0,0,-12629844,0
2,Prélèvements sur les recettes de l'État,31 - Prélèvements sur les recettes de l'État au profit des collectivités territoriales,3107 - Prélèvement sur les recettes de l'État au titre de la compensation d'exonérations relatives à la fiscalité locale (total),3107 - Prélèvement sur les recettes de l'État au titre de la compensation d'exonérations relatives à la fiscalité locale (total),-664114745,0,-664114745,"-759311366,69",0
0,Prélèvements sur les recettes de l'État,31 - Prélèvements sur les recettes de l'État au profit des collectivités territoriales,3108 - Dotation élu local,,-123506000,0,-123506000,0,0
1,Prélèvements sur les recettes de l'État,31 - Prélèvements sur les recettes de l'État au profit des collectivités territoriales,3108 - Dotation élu local,310801 - Dotation élu local,0,0,0,-123231821,0
2,Prélèvements sur les recettes de l'État,31 - Prélèvements sur les recettes de l'État au profit des collectivités territoriales,3108 - Dotation élu local (total),3108 - Dotation élu local (total),-123506000,0,-123506000,-123231821,0
0,Prélèvements sur les recettes de l'État,31 - Prélèvements sur les recettes de l'État au profit des collectivités territoriales,3109 - Prélèvement sur les recettes de l'État au profit de la collectivité de Corse,,-42946742,0,-42946742,0,0
1,Prélèvements sur les recettes de l'État,31 - Prélèvements sur les recettes de l'État au profit des collectivités territoriales,3109 - Prélèvement sur les recettes de l'État au profit de la collectivité de Corse,310901 - Collectivité territoriale de Corse et des départements de Corse Reversement de TIPP,0,0,0,-52471216,0
2,Prélèvements sur les recettes de l'État,31 - Prélèvements sur les recettes de l'État au profit des collectivités territoriales,3109 - Prélèvement sur les recettes de l'État au profit de la collectivité de Corse (total),3109 - Prélèvement sur les recettes de l'État au profit de la collectivité de Corse (total),-42946742,0,-42946742,-52471216,0
0,Prélèvements sur les recettes de l'État,31 - Prélèvements sur les recettes de l'État au profit des collectivités territoriales,3111 - Fonds de mobilisation départementale pour l'insertion,,-431738376,0,-431738376,0,0
1,Prélèvements sur les recettes de l'État,31 - Prélèvements sur les recettes de l'État au profit des collectivités territoriales,3111 - Fonds de mobilisation départementale pour l'insertion,311101 - Fonds de mobilisation départementale pour l'insertion - Première part - Compléments de RMI,0,0,0,-431738376,0
2,Prélèvements sur les recettes de l'État,31 - Prélèvements sur les recettes de l'État au profit des collectivités territoriales,3111 - Fonds de mobilisation départementale pour l'insertion (total),3111 - Fonds de mobilisation départementale pour l'insertion (total),-431738376,0,-431738376,-431738376,0
0,Prélèvements sur les recettes de l'État,31 - Prélèvements sur les recettes de l'État au profit des collectivités territoriales,3112 - Dotation départementale d'équipement des collèges,,-326317000,0,-326317000,0,0
1,Prélèvements sur les recettes de l'État,31 - Prélèvements sur les recettes de l'État au profit des collectivités territoriales,3112 - Dotation départementale d'équipement des collèges,311201 - Dotation départementale d'équipement des collèges,0,0,0,-326316128,0
2,Prélèvements sur les recettes de l'État,31 - Prélèvements sur les recettes de l'État au profit des collectivités territoriales,3112 - Dotation départementale d'équipement des collèges (total),3112 - Dotation départementale d'équipement des collèges (total),-326317000,0,-326317000,-326316128,0
0,Prélèvements sur les recettes de l'État,31 - Prélèvements sur les recettes de l'État au profit des collectivités territoriales,3113 - Dotation régionale d'équipement scolaire,,-661186000,0,-661186000,0,0
1,Prélèvements sur les recettes de l'État,31 - Prélèvements sur les recettes de l'État au profit des collectivités territoriales,3113 - Dotation régionale d'équipement scolaire,311301 - Dotation régionale d'équipement scolaire,0,0,0,-661186704,0
2,Prélèvements sur les recettes de l'État,31 - Prélèvements sur les recettes de l'État au profit des collectivités territoriales,3113 - Dotation régionale d'équipement scolaire (total),3113 - Dotation régionale d'équipement scolaire (total),-661186000,0,-661186000,-661186704,0
0,Prélèvements sur les recettes de l'État,31 - Prélèvements sur les recettes de l'État au profit des collectivités territoriales,3118 - Dotation globale de construction et d'équipement scolaire,,-2686000,0,-2686000,0,0
1,Prélèvements sur les recettes de l'État,31 - Prélèvements sur les recettes de l'État au profit des collectivités territoriales,3118 - Dotation globale de construction et d'équipement scolaire,311801 - Dotation globale de construction et d'équipement scolaire,0,0,0,-2685550,0
2,Prélèvements sur les recettes de l'État,31 - Prélèvements sur les recettes de l'État au profit des collectivités territoriales,3118 - Dotation globale de construction et d'équipement scolaire (total),3118 - Dotation globale de construction et d'équipement scolaire (total),-2686000,0,-2686000,-2685550,0
0,Prélèvements sur les recettes de l'État,31 - Prélèvements sur les recettes de l'État au profit des collectivités territoriales,3119 - Dotation de compensation de la réforme de la taxe professionnelle (régions),,-467129770,0,-467129770,0,0
2,Prélèvements sur les recettes de l'État,31 - Prélèvements sur les recettes de l'État au profit des collectivités territoriales,3119 - Dotation de compensation de la réforme de la taxe professionnelle (régions) (total),3119 - Dotation de compensation de la réforme de la taxe professionnelle (régions) (total),-467129770,0,-467129770,0,0
0,Prélèvements sur les recettes de l'État,31 - Prélèvements sur les recettes de l'État au profit des collectivités territoriales,3120 - Dotation de compensation de la réforme de la taxe professionnelle (départements),,-1243315500,0,-1243315500,0,0
2,Prélèvements sur les recettes de l'État,31 - Prélèvements sur les recettes de l'État au profit des collectivités territoriales,3120 - Dotation de compensation de la réforme de la taxe professionnelle (départements) (total),3120 - Dotation de compensation de la réforme de la taxe professionnelle (départements) (total),-1243315500,0,-1243315500,0,0
0,Prélèvements sur les recettes de l'État,31 - Prélèvements sur les recettes de l'État au profit des collectivités territoriales,3121 - Dotation de compensation de la réforme de la taxe professionnelle (établissements publics de coopération intercommunale),,-890110332,0,-890110332,0,0
2,Prélèvements sur les recettes de l'État,31 - Prélèvements sur les recettes de l'État au profit des collectivités territoriales,3121 - Dotation de compensation de la réforme de la taxe professionnelle (établissements publics de coopération intercommunale) (total),3121 - Dotation de compensation de la réforme de la taxe professionnelle (établissements publics de coopération intercommunale) (total),-890110332,0,-890110332,0,0
0,Prélèvements sur les recettes de l'État,31 - Prélèvements sur les recettes de l'État au profit des collectivités territoriales,3122 - Dotation de compensation de la réforme de la taxe professionnelle (communes),,-239658133,0,-239658133,0,0
1,Prélèvements sur les recettes de l'État,31 - Prélèvements sur les recettes de l'État au profit des collectivités territoriales,3122 - Dotation de compensation de la réforme de la taxe professionnelle (communes),312201 - Dotation de compensation de la réforme de la taxe professionnelle,0,0,0,-2844170177,0
2,Prélèvements sur les recettes de l'État,31 - Prélèvements sur les recettes de l'État au profit des collectivités territoriales,3122 - Dotation de compensation de la réforme de la taxe professionnelle (communes) (total),3122 - Dotation de compensation de la réforme de la taxe professionnelle (communes) (total),-239658133,0,-239658133,-2844170177,0
0,Prélèvements sur les recettes de l'État,31 - Prélèvements sur les recettes de l'État au profit des collectivités territoriales,3123 - Dotation pour transferts de compensations d'exonérations de fiscalité directe locale,,-378003970,0,-378003970,0,0
1,Prélèvements sur les recettes de l'État,31 - Prélèvements sur les recettes de l'État au profit des collectivités territoriales,3123 - Dotation pour transferts de compensations d'exonérations de fiscalité directe locale,312301 - Dotation pour transferts de compensations d'exonérations de fiscalité directe locale,0,0,0,-377120423,0
2,Prélèvements sur les recettes de l'État,31 - Prélèvements sur les recettes de l'État au profit des collectivités territoriales,3123 - Dotation pour transferts de compensations d'exonérations de fiscalité directe locale (total),3123 - Dotation pour transferts de compensations d'exonérations de fiscalité directe locale (total),-378003970,0,-378003970,-377120423,0
0,Prélèvements sur les recettes de l'État,31 - Prélèvements sur les recettes de l'État au profit des collectivités territoriales,3130 - Dotation de compensation de la réforme de la taxe sur les logements vacants pour les communes et les établissements publics de coopération intercommunale percevant la taxe d'habitation sur les logements vacants,,-4000000,0,-4000000,0,0
1,Prélèvements sur les recettes de l'État,31 - Prélèvements sur les recettes de l'État au profit des collectivités territoriales,3130 - Dotation de compensation de la réforme de la taxe sur les logements vacants pour les communes et les établissements publics de coopération intercommunale percevant la taxe d'habitation sur les logements vacants,313001 - Dotation de compensation de la réforme de la taxe sur les logements vacants pour les communes et les établissements publics,0,0,0,-7308187,0
2,Prélèvements sur les recettes de l'État,31 - Prélèvements sur les recettes de l'État au profit des collectivités territoriales,3130 - Dotation de compensation de la réforme de la taxe sur les logements vacants pour les communes et les établissements publics de coopération intercommunale percevant la taxe d'habitation sur les logements vacants (total),3130 - Dotation de compensation de la réforme de la taxe sur les logements vacants pour les communes et les établissements publics de coopération intercommunale percevant la taxe d'habitation sur les logements vacants (total),-4000000,0,-4000000,-7308187,0
0,Prélèvements sur les recettes de l'État,31 - Prélèvements sur les recettes de l'État au profit des collectivités territoriales,3131 - Dotation de compensation liée au processus de départementalisation de Mayotte,,-107000000,0,-107000000,0,0
1,Prélèvements sur les recettes de l'État,31 - Prélèvements sur les recettes de l'État au profit des collectivités territoriales,3131 - Dotation de compensation liée au processus de départementalisation de Mayotte,313101 - Dotation de compensation liée au processus de départementalisation de Mayotte,0,0,0,-107000000,0
2,Prélèvements sur les recettes de l'État,31 - Prélèvements sur les recettes de l'État au profit des collectivités territoriales,3131 - Dotation de compensation liée au processus de départementalisation de Mayotte (total),3131 - Dotation de compensation liée au processus de départementalisation de Mayotte (total),-107000000,0,-107000000,-107000000,0
0,Prélèvements sur les recettes de l'État,31 - Prélèvements sur les recettes de l'État au profit des collectivités territoriales,3133 - Fonds de compensation des nuisances aéroportuaires,,-6822000,0,-6822000,0,0
1,Prélèvements sur les recettes de l'État,31 - Prélèvements sur les recettes de l'État au profit des collectivités territoriales,3133 - Fonds de compensation des nuisances aéroportuaires,313301 - Fonds de compensation des nuisances aéroportuaires,0,0,0,-6821923,0
2,Prélèvements sur les recettes de l'État,31 - Prélèvements sur les recettes de l'État au profit des collectivités territoriales,3133 - Fonds de compensation des nuisances aéroportuaires (total),3133 - Fonds de compensation des nuisances aéroportuaires (total),-6822000,0,-6822000,-6821923,0
0,Prélèvements sur les recettes de l'État,31 - Prélèvements sur les recettes de l'État au profit des collectivités territoriales,3134 - Dotation de garantie des reversements des fonds départementaux de taxe professionnelle,,-272278000,0,-272278000,0,0
1,Prélèvements sur les recettes de l'État,31 - Prélèvements sur les recettes de l'État au profit des collectivités territoriales,3134 - Dotation de garantie des reversements des fonds départementaux de taxe professionnelle,313401 - Dotation de garantie des reversements des fonds départementaux de taxe professionnelle,0,0,0,-270721172,0
2,Prélèvements sur les recettes de l'État,31 - Prélèvements sur les recettes de l'État au profit des collectivités territoriales,3134 - Dotation de garantie des reversements des fonds départementaux de taxe professionnelle (total),3134 - Dotation de garantie des reversements des fonds départementaux de taxe professionnelle (total),-272278000,0,-272278000,-270721172,0
0,Prélèvements sur les recettes de l'État,31 - Prélèvements sur les recettes de l'État au profit des collectivités territoriales,3135 - Prélèvement sur les recettes de l'État au titre de la compensation des pertes de recettes liées au relèvement du seuil d'assujettissement des entreprises au versement transport,,-48020650,0,-48020650,0,0
1,Prélèvements sur les recettes de l'État,31 - Prélèvements sur les recettes de l'État au profit des collectivités territoriales,3135 - Prélèvement sur les recettes de l'État au titre de la compensation des pertes de recettes liées au relèvement du seuil d'assujettissement des entreprises au versement transport,313501 - Prélèvement sur les recettes de l'État au titre de la compensation des pertes de recettes liées au relèvement du seuil d'assujettissement des entreprises au versement transport,0,0,0,-48020650,0
2,Prélèvements sur les recettes de l'État,31 - Prélèvements sur les recettes de l'État au profit des collectivités territoriales,3135 - Prélèvement sur les recettes de l'État au titre de la compensation des pertes de recettes liées au relèvement du seuil d'assujettissement des entreprises au versement transport (total),3135 - Prélèvement sur les recettes de l'État au titre de la compensation des pertes de recettes liées au relèvement du seuil d'assujettissement des entreprises au versement transport (total),-48020650,0,-48020650,-48020650,0
0,Prélèvements sur les recettes de l'État,31 - Prélèvements sur les recettes de l'État au profit des collectivités territoriales,3136 - Prélèvement sur les recettes de l'État au profit de la collectivité territoriale de Guyane,,-27000000,0,-27000000,0,0
1,Prélèvements sur les recettes de l'État,31 - Prélèvements sur les recettes de l'État au profit des collectivités territoriales,3136 - Prélèvement sur les recettes de l'État au profit de la collectivité territoriale de Guyane,313601 - Prélèvement sur les recettes de l'État au profit de la collectivité territoriale de Guyane,0,0,0,-27000000,0
2,Prélèvements sur les recettes de l'État,31 - Prélèvements sur les recettes de l'État au profit des collectivités territoriales,3136 - Prélèvement sur les recettes de l'État au profit de la collectivité territoriale de Guyane (total),3136 - Prélèvement sur les recettes de l'État au profit de la collectivité territoriale de Guyane (total),-27000000,0,-27000000,-27000000,0
0,Prélèvements sur les recettes de l'État,31 - Prélèvements sur les recettes de l'État au profit des collectivités territoriales,3137 - Prélèvement sur les recettes de l'État au profit des régions au titre de la neutralisation financière de la réforme de l'apprentissage,,-122559085,0,-122559085,0,0
1,Prélèvements sur les recettes de l'État,31 - Prélèvements sur les recettes de l'État au profit des collectivités territoriales,3137 - Prélèvement sur les recettes de l'État au profit des régions au titre de la neutralisation financière de la réforme de l'apprentissage,313701 - Prélèvement sur les recettes de l'État au profit des régions au titre de la neutralisation financière de la réforme de l'apprentissage,0,0,0,-122559085,0
2,Prélèvements sur les recettes de l'État,31 - Prélèvements sur les recettes de l'État au profit des collectivités territoriales,3137 - Prélèvement sur les recettes de l'État au profit des régions au titre de la neutralisation financière de la réforme de l'apprentissage (total),3137 - Prélèvement sur les recettes de l'État au profit des régions au titre de la neutralisation financière de la réforme de l'apprentissage (total),-122559085,0,-122559085,-122559085,0
0,Prélèvements sur les recettes de l'État,31 - Prélèvements sur les recettes de l'État au profit des collectivités territoriales,3138 - Prélèvement sur les recettes de l’Etat au titre de la dotation globale d’autonomie de la Polynésie française,,-90552000,0,-90552000,0,0
1,Prélèvements sur les recettes de l'État,31 - Prélèvements sur les recettes de l'État au profit des collectivités territoriales,3138 - Prélèvement sur les recettes de l’Etat au titre de la dotation globale d’autonomie de la Polynésie française,313801 - Prélèvement sur les recettes de l'État au profit de la Polynésie française,0,0,0,-90552000,0
2,Prélèvements sur les recettes de l'État,31 - Prélèvements sur les recettes de l'État au profit des collectivités territoriales,3138 - Prélèvement sur les recettes de l’Etat au titre de la dotation globale d’autonomie de la Polynésie française (total),3138 - Prélèvement sur les recettes de l’Etat au titre de la dotation globale d’autonomie de la Polynésie française (total),-90552000,0,-90552000,-90552000,0
1,Prélèvements sur les recettes de l'État,31 - Prélèvements sur les recettes de l'État au profit des collectivités territoriales,3141 - Soutien exceptionnel de l'État au profit des collectivités du bloc communal confrontées à des pertes de recettes fiscales et domaniales du fait de la crise sanitaire,314101 - Soutien exceptionnel de l'État au profit des collectivités du bloc communal confrontées à des pertes de recettes fiscales et domaniales du fait de la crise sanitaire,0,0,0,951930,0
2,Prélèvements sur les recettes de l'État,31 - Prélèvements sur les recettes de l'État au profit des collectivités territoriales,3141 - Soutien exceptionnel de l'État au profit des collectivités du bloc communal confrontées à des pertes de recettes fiscales et domaniales du fait de la crise sanitaire (total),3141 - Soutien exceptionnel de l'État au profit des collectivités du bloc communal confrontées à des pertes de recettes fiscales et domaniales du fait de la crise sanitaire (total),0,0,0,951930,0
0,Prélèvements sur les recettes de l'État,31 - Prélèvements sur les recettes de l'État au profit des collectivités territoriales,3145 - Prélèvement sur les recettes de l'État au titre de la compensation de la réduction de 50% des valeurs locatives de TFPB et de CFE des locaux industriels,,-4016619586,0,-4016619586,0,0
1,Prélèvements sur les recettes de l'État,31 - Prélèvements sur les recettes de l'État au profit des collectivités territoriales,3145 - Prélèvement sur les recettes de l'État au titre de la compensation de la réduction de 50% des valeurs locatives de TFPB et de CFE des locaux industriels,314501 - Prélèvement sur les recettes de l'État au titre de la compensation de la réduction de 50% des valeurs locatives de TFPB et de CFE des locaux industriels,0,0,0,"-4317548408,32",0
2,Prélèvements sur les recettes de l'État,31 - Prélèvements sur les recettes de l'État au profit des collectivités territoriales,3145 - Prélèvement sur les recettes de l'État au titre de la compensation de la réduction de 50% des valeurs locatives de TFPB et de CFE des locaux industriels (total),3145 - Prélèvement sur les recettes de l'État au titre de la compensation de la réduction de 50% des valeurs locatives de TFPB et de CFE des locaux industriels (total),-4016619586,0,-4016619586,"-4317548408,32",0
0,Prélèvements sur les recettes de l'État,31 - Prélèvements sur les recettes de l'État au profit des collectivités territoriales,3146 - Prélèvement sur les recettes de l'État au titre de la compensation des communes et EPCI contributeurs au Fonds national de garantie individuelle des ressources (FNGIR) subissant une perte de base de cotisation foncière des entreprises,,-3000000,0,-3000000,0,0
1,Prélèvements sur les recettes de l'État,31 - Prélèvements sur les recettes de l'État au profit des collectivités territoriales,3146 - Prélèvement sur les recettes de l'État au titre de la compensation des communes et EPCI contributeurs au Fonds national de garantie individuelle des ressources (FNGIR) subissant une perte de base de cotisation foncière des entreprises,314601 - Prélèvement sur les recettes de l'État au titre de la compensation des communes et EPCI contributeurs au Fonds national de garantie individuelle des ressources (FNGIR) subissant une perte de base de cotisation foncière des entreprises,0,0,0,"-763766,35",0
2,Prélèvements sur les recettes de l'État,31 - Prélèvements sur les recettes de l'État au profit des collectivités territoriales,3146 - Prélèvement sur les recettes de l'État au titre de la compensation des communes et EPCI contributeurs au Fonds national de garantie individuelle des ressources (FNGIR) subissant une perte de base de cotisation foncière des entreprises (total),3146 - Prélèvement sur les recettes de l'État au titre de la compensation des communes et EPCI contributeurs au Fonds national de garantie individuelle des ressources (FNGIR) subissant une perte de base de cotisation foncière des entreprises (total),-3000000,0,-3000000,"-763766,35",0
1,Prélèvements sur les recettes de l'État,31 - Prélèvements sur les recettes de l'État au profit des collectivités territoriales,3147 - Prélèvement exceptionnel sur les recettes de l’État de compensation du Fonds national de péréquation des droits de mutation à titre onéreux (DMTO),314701 - Prélèvement exceptionnel sur les recettes de l’État de compensation du Fonds national de péréquation des droits de mutation à titre onéreux (DMTO),0,0,0,-365593,0
2,Prélèvements sur les recettes de l'État,31 - Prélèvements sur les recettes de l'État au profit des collectivités territoriales,3147 - Prélèvement exceptionnel sur les recettes de l’État de compensation du Fonds national de péréquation des droits de mutation à titre onéreux (DMTO) (total),3147 - Prélèvement exceptionnel sur les recettes de l’État de compensation du Fonds national de péréquation des droits de mutation à titre onéreux (DMTO) (total),0,0,0,-365593,0
1,Prélèvements sur les recettes de l'État,31 - Prélèvements sur les recettes de l'État au profit des collectivités territoriales,3151 - Prélèvement sur les recettes de l'Etat au titre du soutien exceptionnel pour les communes et leurs groupements face à la croissance des prix de l'énergie et de la revalorisation  du point d'indice de la fonction publique en 2022,315101 - Prélèvement sur les recettes de l'État au titre du soutien exceptionnel pour les communes et leurs groupements face à la croissance des prix de l'énergie et de la revalorisation du point d'indice de la fonction publique,0,0,0,"1508187,6",0
2,Prélèvements sur les recettes de l'État,31 - Prélèvements sur les recettes de l'État au profit des collectivités territoriales,3151 - Prélèvement sur les recettes de l'Etat au titre du soutien exceptionnel pour les communes et leurs groupements face à la croissance des prix de l'énergie et de la revalorisation  du point d'indice de la fonction publique en 2022 (total),3151 - Prélèvement sur les recettes de l'Etat au titre du soutien exceptionnel pour les communes et leurs groupements face à la croissance des prix de l'énergie et de la revalorisation  du point d'indice de la fonction publique en 2022 (total),0,0,0,"1508187,6",0
0,Prélèvements sur les recettes de l'État,31 - Prélèvements sur les recettes de l'État au profit des collectivités territoriales,"3158 - Prélèvement sur les recettes de l'Etat au titre du soutien exceptionnel, au titre de l'année 2023, pour les collectivités territoriales face à la croissance des prix de l'énergie",,-400000000,0,-400000000,0,0
1,Prélèvements sur les recettes de l'État,31 - Prélèvements sur les recettes de l'État au profit des collectivités territoriales,"3158 - Prélèvement sur les recettes de l'Etat au titre du soutien exceptionnel, au titre de l'année 2023, pour les collectivités territoriales face à la croissance des prix de l'énergie","315801 - Prélèvement sur les recettes de l'Etat au titre du soutien exceptionnel, au titre de l'année 2023, pour les collectivités territoriales face à la croissance des prix de l'énergie",0,0,0,-148434262,0
2,Prélèvements sur les recettes de l'État,31 - Prélèvements sur les recettes de l'État au profit des collectivités territoriales,"3158 - Prélèvement sur les recettes de l'Etat au titre du soutien exceptionnel, au titre de l'année 2023, pour les collectivités territoriales face à la croissance des prix de l'énergie (total)","3158 - Prélèvement sur les recettes de l'Etat au titre du soutien exceptionnel, au titre de l'année 2023, pour les collectivités territoriales face à la croissance des prix de l'énergie (total)",-400000000,0,-400000000,-148434262,0
0,Prélèvements sur les recettes de l'État,31 - Prélèvements sur les recettes de l'État au profit des collectivités territoriales,3159 - Prélèvement sur les recettes de l’État au titre de la compensation de la réforme de 2023 de la taxe sur les logements vacants pour les communes et les EPCI percevant la taxe d'habitation sur les logements vacants,,-24700000,0,-24700000,0,0
1,Prélèvements sur les recettes de l'État,31 - Prélèvements sur les recettes de l'État au profit des collectivités territoriales,3159 - Prélèvement sur les recettes de l’État au titre de la compensation de la réforme de 2023 de la taxe sur les logements vacants pour les communes et les EPCI percevant la taxe d'habitation sur les logements vacants,315901 - Prélèvement sur les recettes de l'Etat au titre de la compensation de la réforme de 2023 de la taxe sur les logements vacants pour les communes et les EPCI percevant la taxe d'habitation sur les logements vacants,0,0,0,-28269160,0
2,Prélèvements sur les recettes de l'État,31 - Prélèvements sur les recettes de l'État au profit des collectivités territoriales,3159 - Prélèvement sur les recettes de l’État au titre de la compensation de la réforme de 2023 de la taxe sur les logements vacants pour les communes et les EPCI percevant la taxe d'habitation sur les logements vacants (total),3159 - Prélèvement sur les recettes de l’État au titre de la compensation de la réforme de 2023 de la taxe sur les logements vacants pour les communes et les EPCI percevant la taxe d'habitation sur les logements vacants (total),-24700000,0,-24700000,-28269160,0
0,Prélèvements sur les recettes de l'État,31 - Prélèvements sur les recettes de l'État au profit des collectivités territoriales,"3160 - Prélèvement sur les recettes de l'État en faveur des communes nouvelles regroupant, l'année suivant leur création, une population inférieure ou égale à 150 000 habitants (article 134)",,-17600000,0,-17600000,0,0
1,Prélèvements sur les recettes de l'État,31 - Prélèvements sur les recettes de l'État au profit des collectivités territoriales,"3160 - Prélèvement sur les recettes de l'État en faveur des communes nouvelles regroupant, l'année suivant leur création, une population inférieure ou égale à 150 000 habitants (article 134)","316001 - Prélèvement sur les recettes de l'État en faveur des communes nouvelles regroupant, l'année suivant leur création, une population inférieure ou égale à 150 000 habitants (article 134)",0,0,0,-24333434,0
2,Prélèvements sur les recettes de l'État,31 - Prélèvements sur les recettes de l'État au profit des collectivités territoriales,"3160 - Prélèvement sur les recettes de l'État en faveur des communes nouvelles regroupant, l'année suivant leur création, une population inférieure ou égale à 150 000 habitants (article 134) (total)","3160 - Prélèvement sur les recettes de l'État en faveur des communes nouvelles regroupant, l'année suivant leur création, une population inférieure ou égale à 150 000 habitants (article 134) (total)",-17600000,0,-17600000,-24333434,0
0,Prélèvements sur les recettes de l'État,31 - Prélèvements sur les recettes de l'État au profit des collectivités territoriales,3161 - Prélèvement sur les recettes de l'État visant à compléter le montant du fonds de sauvegarde des départements (article 131),,-52862037,0,-52862037,0,0
1,Prélèvements sur les recettes de l'État,31 - Prélèvements sur les recettes de l'État au profit des collectivités territoriales,3161 - Prélèvement sur les recettes de l'État visant à compléter le montant du fonds de sauvegarde des départements (article 131),316101 - Prélèvement sur les recettes de l'État visant à compléter le montant du fonds de sauvegarde des départements (article 131),0,0,0,-50409952,0
2,Prélèvements sur les recettes de l'État,31 - Prélèvements sur les recettes de l'État au profit des collectivités territoriales,3161 - Prélèvement sur les recettes de l'État visant à compléter le montant du fonds de sauvegarde des départements (article 131) (total),3161 - Prélèvement sur les recettes de l'État visant à compléter le montant du fonds de sauvegarde des départements (article 131) (total),-52862037,0,-52862037,-50409952,0
0,Prélèvements sur les recettes de l'État,31 - Prélèvements sur les recettes de l'État au profit des collectivités territoriales,"3162 - Prélèvement sur les recettes de l'État destiné à compenser, pour les communes, les EPCI à fiscalité propre et la métropole de Lyon, les pertes de recettes résultant de l'exonération de TFPB",,-7000000,0,-7000000,0,0
2,Prélèvements sur les recettes de l'État,31 - Prélèvements sur les recettes de l'État au profit des collectivités territoriales,"3162 - Prélèvement sur les recettes de l'État destiné à compenser, pour les communes, les EPCI à fiscalité propre et la métropole de Lyon, les pertes de recettes résultant de l'exonération de TFPB (total)","3162 - Prélèvement sur les recettes de l'État destiné à compenser, pour les communes, les EPCI à fiscalité propre et la métropole de Lyon, les pertes de recettes résultant de l'exonération de TFPB (total)",-7000000,0,-7000000,0,0
0,Prélèvements sur les recettes de l'État,31 - Prélèvements sur les recettes de l'État au profit des collectivités territoriales,3163 - Prélèvement sur les recettes de l'État permettant de verser une compensation aux communes et EPCI enregistrant d'une année sur l'autre une perte de base de TFPB et de produits TFPB afférant aux entreprises à l'origine de la perte de base de TFPB,,-3300000,0,-3300000,0,0
2,Prélèvements sur les recettes de l'État,31 - Prélèvements sur les recettes de l'État au profit des collectivités territoriales,3163 - Prélèvement sur les recettes de l'État permettant de verser une compensation aux communes et EPCI enregistrant d'une année sur l'autre une perte de base de TFPB et de produits TFPB afférant aux entreprises à l'origine de la perte de base de TFPB (total),3163 - Prélèvement sur les recettes de l'État permettant de verser une compensation aux communes et EPCI enregistrant d'une année sur l'autre une perte de base de TFPB et de produits TFPB afférant aux entreprises à l'origine de la perte de base de TFPB (total),-3300000,0,-3300000,0,0
3,Prélèvements sur les recettes de l'État,31 - Prélèvements sur les recettes de l'État au profit des collectivités territoriales (total),31 - Prélèvements sur les recettes de l'État au profit des collectivités territoriales (total),31 - Prélèvements sur les recettes de l'État au profit des collectivités territoriales (total),-45057825520,0,-45057825520,"-45456844973,56","-45456844973,56"
0,Prélèvements sur les recettes de l'État,32 - Prélèvements sur les recettes de l'État au profit de l'Union européenne,3201 - Prélèvement sur les recettes de l'État au profit du budget de l'Union européenne,,-21609624014,-669885531,-22279509545,0,0
1,Prélèvements sur les recettes de l'État,32 - Prélèvements sur les recettes de l'État au profit de l'Union européenne,3201 - Prélèvement sur les recettes de l'État au profit du budget de l'Union européenne,320101 - TVA Prélèvement sur les recettes de l'État au titre de la contribution financière TVA,0,0,0,-4293629700,0
1,Prélèvements sur les recettes de l'État,32 - Prélèvements sur les recettes de l'État au profit de l'Union européenne,3201 - Prélèvement sur les recettes de l'État au profit du budget de l'Union européenne,320102 - PNB Prélèvement sur les recettes de l'État au titre de la contribution financière PNB,0,0,0,"-16375427346,38",0
1,Prélèvements sur les recettes de l'État,32 - Prélèvements sur les recettes de l'État au profit de l'Union européenne,3201 - Prélèvement sur les recettes de l'État au profit du budget de l'Union européenne,320104 - Prélèvement sur les recettes de l’État au titre de la contribution déchets plastiques non recyclés,0,0,0,"-1607336771,86",0
2,Prélèvements sur les recettes de l'État,32 - Prélèvements sur les recettes de l'État au profit de l'Union européenne,3201 - Prélèvement sur les recettes de l'État au profit du budget de l'Union européenne (total),3201 - Prélèvement sur les recettes de l'État au profit du budget de l'Union européenne (total),-21609624014,-669885531,-22279509545,"-22276393818,24",0
3,Prélèvements sur les recettes de l'État,32 - Prélèvements sur les recettes de l'État au profit de l'Union européenne (total),32 - Prélèvements sur les recettes de l'État au profit de l'Union européenne (total),32 - Prélèvements sur les recettes de l'État au profit de l'Union européenne (total),-21609624014,-669885531,-22279509545,"-22276393818,24","-22276393818,24"
4,Prélèvements sur les recettes de l'État (total),Prélèvements sur les recettes de l'État (total),Prélèvements sur les recettes de l'État (total),Prélèvements sur les recettes de l'État (total),-66667449534,-669885531,-67337335065,"-67733238791,8","-67733238791,8"
0,Fonds de concours et attributions de produits,Prélèvements sur les recettes de l'État (total),Prélèvements sur les recettes de l'État (total),Prélèvements sur les recettes de l'État (total),7398632983,0,7398632983,0,0
2,Fonds de concours et attributions de produits,Prélèvements sur les recettes de l'État (total),Prélèvements sur les recettes de l'État (total),Prélèvements sur les recettes de l'État (total),7398632983,0,7398632983,0,0
3,Fonds de concours et attributions de produits,Prélèvements sur les recettes de l'État (total),Prélèvements sur les recettes de l'État (total),Prélèvements sur les recettes de l'État (total),7398632983,0,7398632983,0,0
1,Fonds de concours et attributions de produits,51 - Fonds de concours ordinaires et spéciaux,5100 - Fonds de concours ordinaires et spéciaux,510001 - Fonds de concours et attributions de produits - Fonds de concours ordinaires - Affaires étrangères et européennes,0,0,0,"4908278,77",0
1,Fonds de concours et attributions de produits,51 - Fonds de concours ordinaires et spéciaux,5100 - Fonds de concours ordinaires et spéciaux,510002 - Fonds de concours et attributions de produits - Fonds de concours ordinaires - Culture et communication,0,0,0,"110938033,13",0
1,Fonds de concours et attributions de produits,51 - Fonds de concours ordinaires et spéciaux,5100 - Fonds de concours ordinaires et spéciaux,510003 - Fonds de concours et attributions de produits - Fonds de concours ordinaires - Agriculture et pêche,0,0,0,"7025946,36",0
1,Fonds de concours et attributions de produits,51 - Fonds de concours ordinaires et spéciaux,5100 - Fonds de concours ordinaires et spéciaux,510006 - Fonds de concours et attributions de produits - Fonds de concours ordinaires - Éducation nationale,0,0,0,"64736174,4",0
1,Fonds de concours et attributions de produits,51 - Fonds de concours ordinaires et spéciaux,5100 - Fonds de concours ordinaires et spéciaux,"510007 - Fonds de concours et attributions de produits - Fonds de concours ordinaires - Budget, Comptes publics et fonction publique",0,0,0,"52881594,46",0
1,Fonds de concours et attributions de produits,51 - Fonds de concours ordinaires et spéciaux,5100 - Fonds de concours ordinaires et spéciaux,"510009 - Fonds de concours et attributions de produits - Fonds de concours ordinaires - Intérieur, outre-mer et collectivités territoriales",0,0,0,"299951921,09",0
1,Fonds de concours et attributions de produits,51 - Fonds de concours ordinaires et spéciaux,5100 - Fonds de concours ordinaires et spéciaux,510010 - Fonds de concours et attributions de produits - Fonds de concours ordinaires - Justice,0,0,0,"14485072,56",0
1,Fonds de concours et attributions de produits,51 - Fonds de concours ordinaires et spéciaux,5100 - Fonds de concours ordinaires et spéciaux,510012 - Fonds de concours et attributions de produits - Fonds de concours ordinaires - Services du Premier Ministre,0,0,0,"172351552,59",0
1,Fonds de concours et attributions de produits,51 - Fonds de concours ordinaires et spéciaux,5100 - Fonds de concours ordinaires et spéciaux,"510023 - Fonds de concours et attributions de produits - Fonds de concours ordinaires - Écologie, énergie, développement durable et aménagement du territoire",0,0,0,"4920204826,71",0
1,Fonds de concours et attributions de produits,51 - Fonds de concours ordinaires et spéciaux,5100 - Fonds de concours ordinaires et spéciaux,510028 - Fonds de concours et attributions de produits - Fonds de concours ordinaires - MEEDDM,0,0,0,"100453,6",0
1,Fonds de concours et attributions de produits,51 - Fonds de concours ordinaires et spéciaux,5100 - Fonds de concours ordinaires et spéciaux,"510036 - Fonds de concours et attributions de produits - Fonds de concours ordinaires - Travail, relations sociales et solidarité",0,0,0,"546732615,81",0
1,Fonds de concours et attributions de produits,51 - Fonds de concours ordinaires et spéciaux,5100 - Fonds de concours ordinaires et spéciaux,510038 - Fonds de concours et attributions de produits - Fonds de concours ordinaires - Enseignement supérieur et recherche,0,0,0,"17864028,62",0
1,Fonds de concours et attributions de produits,51 - Fonds de concours ordinaires et spéciaux,5100 - Fonds de concours ordinaires et spéciaux,"510042 - Fonds de concours et attributions de produits - Fonds de concours ordinaires - Sport, Jeux olympiques et paralympiques",0,0,0,13080,0
1,Fonds de concours et attributions de produits,51 - Fonds de concours ordinaires et spéciaux,5100 - Fonds de concours ordinaires et spéciaux,510050 - Fonds de concours et attributions de produits - Fonds de concours ordinaires - BCPFP,0,0,0,"17819134,15",0
1,Fonds de concours et attributions de produits,51 - Fonds de concours ordinaires et spéciaux,5100 - Fonds de concours ordinaires et spéciaux,510056 - Fonds de concours et attributions de produits - Fonds de concours ordinaires - Solidarités et Cohésions sociales,0,0,0,"12378966,31",0
1,Fonds de concours et attributions de produits,51 - Fonds de concours ordinaires et spéciaux,5100 - Fonds de concours ordinaires et spéciaux,510070 - Fonds de concours et attributions de produits - Fonds de concours ordinaires - Défense,0,0,0,"752256831,96",0
2,Fonds de concours et attributions de produits,51 - Fonds de concours ordinaires et spéciaux,5100 - Fonds de concours ordinaires et spéciaux (total),5100 - Fonds de concours ordinaires et spéciaux (total),0,0,0,"6994648510,52",0
3,Fonds de concours et attributions de produits,51 - Fonds de concours ordinaires et spéciaux (total),51 - Fonds de concours ordinaires et spéciaux (total),51 - Fonds de concours ordinaires et spéciaux (total),0,0,0,"6994648510,52","6994648510,52"
1,Fonds de concours et attributions de produits,55 - Fonds de concours - Coopération internationale,5500 - Fonds de concours - Coopération internationale,550001 - Fonds de concours - Coopération internationale - Affaires étrangères et européennes,0,0,0,"33619442,72",0
1,Fonds de concours et attributions de produits,55 - Fonds de concours - Coopération internationale,5500 - Fonds de concours - Coopération internationale,550002 - Fonds de concours - Coopération internationale - Culture et communication,0,0,0,"4048872,15",0
1,Fonds de concours et attributions de produits,55 - Fonds de concours - Coopération internationale,5500 - Fonds de concours - Coopération internationale,550003 - Fonds de concours - Coopération internationale - Agriculture et pêche,0,0,0,"43009360,19",0
1,Fonds de concours et attributions de produits,55 - Fonds de concours - Coopération internationale,5500 - Fonds de concours - Coopération internationale,550006 - Fonds de concours - Coopération internationale - Éducation nationale,0,0,0,"5067037,63",0
1,Fonds de concours et attributions de produits,55 - Fonds de concours - Coopération internationale,5500 - Fonds de concours - Coopération internationale,"550007 - Fonds de concours - Coopération internationale - Budget, Comptes publics et fonction publique",0,0,0,"8336788,72",0
1,Fonds de concours et attributions de produits,55 - Fonds de concours - Coopération internationale,5500 - Fonds de concours - Coopération internationale,"550009 - Fonds de concours - Coopération internationale - Intérieur, outre-mer, et collectivités territoriales",0,0,0,"296414177,67",0
1,Fonds de concours et attributions de produits,55 - Fonds de concours - Coopération internationale,5500 - Fonds de concours - Coopération internationale,550010 - Fonds de concours - Coopération internationale - Justice,0,0,0,"518449,08",0
1,Fonds de concours et attributions de produits,55 - Fonds de concours - Coopération internationale,5500 - Fonds de concours - Coopération internationale,550012 - Fonds de concours - Coopération internationale - Services du Premier Ministre,0,0,0,"11621283,06",0
1,Fonds de concours et attributions de produits,55 - Fonds de concours - Coopération internationale,5500 - Fonds de concours - Coopération internationale,"550023 - Fonds de concours - Coopération internationale - Écologie, énergie, développement durable et aménagement du territoire",0,0,0,"36447149,57",0
1,Fonds de concours et attributions de produits,55 - Fonds de concours - Coopération internationale,5500 - Fonds de concours - Coopération internationale,550028 - Fonds de concours - Coopération internationale - MEEDDM,0,0,0,411700,0
1,Fonds de concours et attributions de produits,55 - Fonds de concours - Coopération internationale,5500 - Fonds de concours - Coopération internationale,550035 - Fonds de concours - Coopération internationale - Santé et Prévention,0,0,0,"154349897,39",0
1,Fonds de concours et attributions de produits,55 - Fonds de concours - Coopération internationale,5500 - Fonds de concours - Coopération internationale,"550036 - Fonds de concours - Coopération internationale - Travail, relations sociales et solidarité",0,0,0,"16011756,38",0
1,Fonds de concours et attributions de produits,55 - Fonds de concours - Coopération internationale,5500 - Fonds de concours - Coopération internationale,550038 - Fonds de concours - Coopération internationale - Enseignement supérieur et recherche,0,0,0,"155769,8",0
1,Fonds de concours et attributions de produits,55 - Fonds de concours - Coopération internationale,5500 - Fonds de concours - Coopération internationale,550056 - Fonds de concours - Coopération internationale - Solidarités et Cohésions sociales,0,0,0,"3131086,31",0
1,Fonds de concours et attributions de produits,55 - Fonds de concours - Coopération internationale,5500 - Fonds de concours - Coopération internationale,550070 - Fonds de concours - Coopération internationale - Défense,0,0,0,"701401291,42",0
2,Fonds de concours et attributions de produits,55 - Fonds de concours - Coopération internationale,5500 - Fonds de concours - Coopération internationale (total),5500 - Fonds de concours - Coopération internationale (total),0,0,0,"1314544062,09",0
3,Fonds de concours et attributions de produits,55 - Fonds de concours - Coopération internationale (total),55 - Fonds de concours - Coopération internationale (total),55 - Fonds de concours - Coopération internationale (total),0,0,0,"1314544062,09","1314544062,09"
4,Fonds de concours et attributions de produits (total),Fonds de concours et attributions de produits (total),Fonds de concours et attributions de produits (total),Fonds de concours et attributions de produits (total),7398632983,0,7398632983,"8309192572,61","8309192572,61"
