Numero_de_depense_fiscale;Libelle_de_la_depense_fiscale;Impot;Mission_principale;Numero_de_programme_principal;Libelle_de_programme_principal;Mission_subsidiaire_n°1;Numero_de_programme_subsidiaire_n°1;Libelle_de_programme_subsidiaire_n°1;Mission_subsidiaire_n°2;Numero_de_programme_subsidiaire_n°2;Libelle_de_programme_subsidiaire_n°2;Montant_N-1_definitif_(millions);Montant_N_initial_(millions);Montant_N_actualise_(millions)
040101;Exonération en faveur des entreprises réalisant certaines opérations en ZRR pouvant ouvrir droit à une exonération de CFE en l’absence de délibération contraire d’une commune ou d’un EPCI;Cotisation sur la valeur ajoutée des entreprises;Cohésion des territoires;112;Impulsion et coordination de la politique d'aménagement du territoire;Sans objet;Sans objet;Sans objet;Sans objet;Sans objet;Sans objet;2;1;1
040107;Exonération en faveur des entreprises dont les établissements existants au 1er janvier 2006 dans les ZFU de troisième génération ou créés ou étendus entre le 1er janvier 2006 et le 31 décembre 2014 dans les trois générations de zones franches urbaines peuvent être exonérés de cotisation foncière des entreprises en l'absence de délibération contraire d'une commune ou d'un établissement public de coopération intercommunale;Cotisation sur la valeur ajoutée des entreprises;Cohésion des territoires;147;Politique de la ville;Sans objet;Sans objet;Sans objet;Sans objet;Sans objet;Sans objet;5;4;3
040108;Abattement en faveur des entreprises dont les établissements situés dans les départements d’outre-mer peuvent bénéficier d’un abattement sur leurs bases nettes imposables à la CFE;Cotisation sur la valeur ajoutée des entreprises;Outre-mer;123;Conditions de vie outre-mer;Sans objet;Sans objet;Sans objet;Sans objet;Sans objet;Sans objet;20;15;5
040109;Exonération en faveur des entreprises dont les établissements existants au 1er janvier 2015 dans un quartier prioritaire de la politique de la ville (QPV) ou créés ou étendues entre le 1er janvier 2015 et le 31 décembre 2024 dans un QPV peuvent être exonérés de CFE;Cotisation sur la valeur ajoutée des entreprises;Cohésion des territoires;147;Politique de la ville;Sans objet;Sans objet;Sans objet;Sans objet;Sans objet;Sans objet;1;ε;ε
040110;Exonération de cotisation sur la valeur ajoutée en faveur des entreprises dont les établissements vendent au public des écrits périodiques en qualité de mandataires inscrits à la commission du réseau de la diffusion de la presse et revêtent la qualité de diffuseurs de presse spécialistes;Cotisation sur la valeur ajoutée des entreprises;Médias, livre et industries culturelles;180;Presse et médias;Sans objet;Sans objet;Sans objet;Sans objet;Sans objet;Sans objet;5;4;1
040111;Exonération en faveur des établissements créés dans un bassin urbain à dynamiser (BUD) pouvant bénéficier de l’exonération de CFE;Cotisation sur la valeur ajoutée des entreprises;Écologie, développement et mobilité durables;174;Énergie, climat et après-mines;Sans objet;Sans objet;Sans objet;Sans objet;Sans objet;Sans objet;ε;ε;ε
040112;Exonération en faveur des établissements dans une zone de développement prioritaire (ZDP) pouvant bénéficier de l’exonération de CFE;Cotisation sur la valeur ajoutée des entreprises;Cohésion des territoires;112;Impulsion et coordination de la politique d'aménagement du territoire;Sans objet;Sans objet;Sans objet;Sans objet;Sans objet;Sans objet;N/A;N/A;N/A
040113;Exonération en faveur des établissements exerçant une activité commerciale dans une zone de revitalisation des commerces en milieu rural (ZoRCoMiR) pouvant bénéficier de l'exonération de cotisation foncière des entreprises;Cotisation sur la valeur ajoutée des entreprises;Cohésion des territoires;112;Impulsion et coordination de la politique d'aménagement du territoire;Sans objet;Sans objet;Sans objet;Sans objet;Sans objet;Sans objet;N/A;N/A;N/A
050101;Exonération en faveur des personnes âgées ou de condition modeste;Taxe foncière sur les propriétés bâties;Solidarité, insertion et égalité des chances;157;Handicap et dépendance;Sans objet;Sans objet;Sans objet;Sans objet;Sans objet;Sans objet;29;29;31
050102;Exonération en faveur des immeubles à caractère social;Taxe foncière sur les propriétés bâties;Cohésion des territoires;135;Urbanisme, territoires et amélioration de l'habitat;Sans objet;Sans objet;Sans objet;Sans objet;Sans objet;Sans objet;45;45;53
050106;Abattement en faveur des immeubles en ZUS (jusqu'en 2015) puis situés dans les quartiers prioritaires de la ville (à compter de 2016);Taxe foncière sur les propriétés bâties;Cohésion des territoires;147;Politique de la ville;Sans objet;Sans objet;Sans objet;Sans objet;Sans objet;Sans objet;121;121;126
050107;Abattement en faveur des immeubles anti-sismiques des départements d'outre-mer;Taxe foncière sur les propriétés bâties;Outre-mer;123;Conditions de vie outre-mer;Sans objet;Sans objet;Sans objet;Sans objet;Sans objet;Sans objet;ε;ε;ε
050109;Abattement sur la base d'imposition des établissements situés dans les départements d'outre-mer;Taxe foncière sur les propriétés bâties;Outre-mer;123;Conditions de vie outre-mer;Sans objet;Sans objet;Sans objet;Sans objet;Sans objet;Sans objet;13;13;13
050110;Exonération des immeubles situés dans un quartier prioritaire de la politique de la ville (QPV) et rattachés à un établissement implanté dans un QPV pouvant bénéficier de l'exonération de cotisation foncière des entreprises;Taxe foncière sur les propriétés bâties;Cohésion des territoires;147;Politique de la ville;Sans objet;Sans objet;Sans objet;Sans objet;Sans objet;Sans objet;ε;ε;ε
050111;Exonération des immeubles situés dans un bassin urbain à dynamiser (BUD) et rattachés à un établissement implanté dans un BUD pouvant bénéficier de l’exonération de CFE;Taxe foncière sur les propriétés bâties;Écologie, développement et mobilité durables;174;Énergie, climat et après-mines;Sans objet;Sans objet;Sans objet;Sans objet;Sans objet;Sans objet;ε;ε;ε
050112;Exonération des immeubles situés dans une zone de développement prioritaire (ZDP) et rattachés à un établissement implanté dans une ZDP pouvant bénéficier de l’exonération de CFE;Taxe foncière sur les propriétés bâties;Cohésion des territoires;112;Impulsion et coordination de la politique d'aménagement du territoire;Sans objet;Sans objet;Sans objet;Sans objet;Sans objet;Sans objet;N/A;ε;N/A
050113;Exonération des immeubles situés dans une zone de revitalisation des commerces en milieu rural (ZoRCoMiR) et rattachés à un établissement implanté dans une ZoRCoMiR pouvant bénéficier de l'exonération de cotisation foncière des entreprises;Taxe foncière sur les propriétés bâties;Cohésion des territoires;112;Impulsion et coordination de la politique d'aménagement du territoire;Sans objet;Sans objet;Sans objet;Sans objet;Sans objet;Sans objet;ε;ε;ε
050201;Dégrèvement d'office en faveur des personnes de condition modeste 65-75 ans;Taxe foncière sur les propriétés bâties;Solidarité, insertion et égalité des chances;157;Handicap et dépendance;Sans objet;Sans objet;Sans objet;Sans objet;Sans objet;Sans objet;34;35;35
050202;Dépenses pour faciliter l'accessibilité pour personnes handicapées;Taxe foncière sur les propriétés bâties;Solidarité, insertion et égalité des chances;157;Handicap et dépendance;Sans objet;Sans objet;Sans objet;Sans objet;Sans objet;Sans objet;196;nc;nc
050203;Dépenses engagées à raison de travaux dans le cadre de la prévention des risques technologiques;Taxe foncière sur les propriétés bâties;Écologie, développement et mobilité durables;181;Prévention des risques;Sans objet;Sans objet;Sans objet;Sans objet;Sans objet;Sans objet;ε;ε;ε
050204;Dégrèvement égal au quart des dépenses à raison des travaux d'économie d'énergie, sur la cotisation de taxe foncière sur les propriétés bâties pour les organismes HLM et les SEM;Taxe foncière sur les propriétés bâties;Écologie, développement et mobilité durables;174;Énergie, climat et après-mines;Sans objet;Sans objet;Sans objet;Sans objet;Sans objet;Sans objet;156;134;156
060102;Exonération de la part communale et intercommunale en faveur des terres agricoles à concurrence de 20 %;Taxe foncière sur les propriétés non bâties;Agriculture, alimentation, forêt et affaires rurales;149;Compétitivité et durabilité de l'agriculture, de l'agroalimentaire et de la forêt;Sans objet;Sans objet;Sans objet;Sans objet;Sans objet;Sans objet;103;103;101
060103;Exonération en faveur des terrains plantés en bois;Taxe foncière sur les propriétés non bâties;Agriculture, alimentation, forêt et affaires rurales;149;Compétitivité et durabilité de l'agriculture, de l'agroalimentaire et de la forêt;Sans objet;Sans objet;Sans objet;Sans objet;Sans objet;Sans objet;1;1;1
060104;Exonération totale en faveur des terres agricoles situées en Corse;Taxe foncière sur les propriétés non bâties;Agriculture, alimentation, forêt et affaires rurales;149;Compétitivité et durabilité de l'agriculture, de l'agroalimentaire et de la forêt;Sans objet;Sans objet;Sans objet;Sans objet;Sans objet;Sans objet;2;2;2
060105;Exonération en faveur des zones humides;Taxe foncière sur les propriétés non bâties;Écologie, développement et mobilité durables;113;Paysages, eau et biodiversité;Sans objet;Sans objet;Sans objet;Sans objet;Sans objet;Sans objet;N/A;N/A;N/A
060106;Exonération en faveur des parcelles NATURA 2000;Taxe foncière sur les propriétés non bâties;Écologie, développement et mobilité durables;113;Paysages, eau et biodiversité;Sans objet;Sans objet;Sans objet;Sans objet;Sans objet;Sans objet;1;ε;1
060108;Exonération partielle des terres agricoles situées dans les départements d'outre-mer;Taxe foncière sur les propriétés non bâties;Outre-mer;123;Conditions de vie outre-mer;Sans objet;Sans objet;Sans objet;Sans objet;Sans objet;Sans objet;10;10;11
060201;Pertes de récoltes ou de bétail;Taxe foncière sur les propriétés non bâties;Agriculture, alimentation, forêt et affaires rurales;149;Compétitivité et durabilité de l'agriculture, de l'agroalimentaire et de la forêt;Sans objet;Sans objet;Sans objet;Sans objet;Sans objet;Sans objet;97;nc;nc
060202;Association foncière pastorale;Taxe foncière sur les propriétés non bâties;Agriculture, alimentation, forêt et affaires rurales;149;Compétitivité et durabilité de l'agriculture, de l'agroalimentaire et de la forêt;Sans objet;Sans objet;Sans objet;Sans objet;Sans objet;Sans objet;ε;-;ε
060203;Dégrèvement d'office jeunes agriculteurs;Taxe foncière sur les propriétés non bâties;Agriculture, alimentation, forêt et affaires rurales;149;Compétitivité et durabilité de l'agriculture, de l'agroalimentaire et de la forêt;Sans objet;Sans objet;Sans objet;Sans objet;Sans objet;Sans objet;8;7;8
070201;Dégrèvement d'office en faveur des gestionnaires de foyers et des organismes sans but lucratif agréés pour les logements loués à des personnes défavorisées;Taxe d'habitation;Cohésion des territoires;135;Urbanisme, territoires et amélioration de l'habitat;Sans objet;Sans objet;Sans objet;Sans objet;Sans objet;Sans objet;93;93;33
070204;Dégrèvement de taxe d'habitation en cas de décès du fait d'actes de terrorisme, de la participation à une opération extérieure ou de sécurité intérieure ou dans des circonstances ayant entraîné une citation à l'ordre de la Nation;Taxe d'habitation;Justice;101;Accès au droit et à la justice;Sans objet;Sans objet;Sans objet;Sans objet;Sans objet;Sans objet;ε;-;-
070205;Dégrèvement au bénéfice des non-résidents au titre de l’année de leur retour en France d’un pays pour lequel un appel à quitter la zone ou une opération de retour collectif a été décidé;Taxe d'habitation;Action extérieure de l'État;151;Français à l'étranger et affaires consulaires;Sans objet;Sans objet;Sans objet;Sans objet;Sans objet;Sans objet;-;création;nc
090101;Exonération en faveur de certaines opérations réalisées dans les ZRR;Cotisation foncière des entreprises;Cohésion des territoires;112;Impulsion et coordination de la politique d'aménagement du territoire;Sans objet;Sans objet;Sans objet;Sans objet;Sans objet;Sans objet;ε;ε;ε
090104;Réduction de 25 % des bases imposées en Corse au profit des communes et des EPCI. Suppression des parts départementales et régionales.;Cotisation foncière des entreprises;Cohésion des territoires;112;Impulsion et coordination de la politique d'aménagement du territoire;Sans objet;Sans objet;Sans objet;Sans objet;Sans objet;Sans objet;7;7;8
090107;Exonération en faveur des établissements existants au 1er janvier 2006 dans les zones franches urbaines (ZFU) de troisième génération ou créés ou étendus entre le 1er janvier 2006 et le 31 décembre 2014 dans les trois générations de ZFU;Cotisation foncière des entreprises;Cohésion des territoires;147;Politique de la ville;Sans objet;Sans objet;Sans objet;Sans objet;Sans objet;Sans objet;ε;ε;ε
090108;Abattement sur la base nette imposable des établissements situés dans les départements d'outre-mer;Cotisation foncière des entreprises;Outre-mer;123;Conditions de vie outre-mer;Sans objet;Sans objet;Sans objet;Sans objet;Sans objet;Sans objet;20;20;21
090109;Exonération en faveur des établissements existants au 1er janvier 2015 dans un quartier prioritaire de la politique de la ville (QPV) ou créés ou étendus entre le 1er janvier 2015 et le 31 décembre 2024 dans un QPV;Cotisation foncière des entreprises;Cohésion des territoires;147;Politique de la ville;Sans objet;Sans objet;Sans objet;Sans objet;Sans objet;Sans objet;1;1;1
090110;Exonération en faveur des entreprises dont les établissements vendent au public des écrits périodiques en qualité de mandataires inscrits à la commission du réseau de la diffusion de la presse et revêtent la qualité de diffuseurs de presse spécialistes;Cotisation foncière des entreprises;Médias, livre et industries culturelles;180;Presse et médias;Sans objet;Sans objet;Sans objet;Sans objet;Sans objet;Sans objet;5;5;5
090111;Exonération en faveur des établissements créés dans un bassin urbain à dynamiser (BUD);Cotisation foncière des entreprises;Cohésion des territoires;147;Politique de la ville;Sans objet;Sans objet;Sans objet;Sans objet;Sans objet;Sans objet;ε;ε;ε
090112;Exonération de la cotisation minimum de CFE des redevables réalisant un très faible chiffre d'affaires;Cotisation foncière des entreprises;Économie;134;Développement des entreprises et régulations;Sans objet;Sans objet;Sans objet;Sans objet;Sans objet;Sans objet;265;265;306
090113;Exonération en faveur des établissements créés dans une zone de développement prioritaire (ZDP);Cotisation foncière des entreprises;Cohésion des territoires;112;Impulsion et coordination de la politique d'aménagement du territoire;Sans objet;Sans objet;Sans objet;Sans objet;Sans objet;Sans objet;ε;ε;ε
090114;Exonération en faveur des établissements exerçant une activité commerciale dans une zone de revitalisation des commerces en milieu rural (ZoRCoMiR);Cotisation foncière des entreprises;Cohésion des territoires;112;Impulsion et coordination de la politique d'aménagement du territoire;Sans objet;Sans objet;Sans objet;Sans objet;Sans objet;Sans objet;ε;ε;ε
100101;Déduction des versements effectués en vue de la retraite mutualiste du combattant;Impôt sur le revenu;Anciens combattants, mémoire et liens avec la Nation;169;Reconnaissance et réparation en faveur du monde combattant, mémoire et liens avec la Nation;Sans objet;Sans objet;Sans objet;Sans objet;Sans objet;Sans objet;23;27;27
100102;Déduction du revenu global des charges foncières supportées par les propriétaires d’immeubles classés ou inscrits au titre des monuments historiques ou labellisés Fondation du patrimoine et non productifs de revenus;Impôt sur le revenu;Culture;175;Patrimoines;Sans objet;Sans objet;Sans objet;Sans objet;Sans objet;Sans objet;23;23;27
100105;Déduction des avantages en nature consentis en l'absence d'obligation alimentaire à des personnes âgées de plus de 75 ans, de condition modeste, qui vivent sous le toit du contribuable;Impôt sur le revenu;Solidarité, insertion et égalité des chances;157;Handicap et dépendance;Sans objet;Sans objet;Sans objet;Sans objet;Sans objet;Sans objet;3;2;3
100114;Déduction des travaux de grosses réparations supportés par les nus-propriétaires dans le cas de démembrements de propriété consécutifs à une succession ou une donation;Impôt sur le revenu;Cohésion des territoires;135;Urbanisme, territoires et amélioration de l'habitat;Sans objet;Sans objet;Sans objet;Sans objet;Sans objet;Sans objet;1;2;1
100201;Abattement en faveur des personnes âgées ou invalides de condition modeste;Impôt sur le revenu;Solidarité, insertion et égalité des chances;157;Handicap et dépendance;Sans objet;Sans objet;Sans objet;Sans objet;Sans objet;Sans objet;362;387;386
100202;Abattement en faveur des contribuables ayant des enfants mariés ou chargés de famille rattachés à leur foyer fiscal;Impôt sur le revenu;Solidarité, insertion et égalité des chances;304;Inclusion sociale et protection des personnes;Sans objet;Sans objet;Sans objet;Sans objet;Sans objet;Sans objet;3;3;2
110102;Demi-part supplémentaire pour les contribuables vivant seuls ayant eu à titre exclusif ou principal, en vivant seuls, la charge d'enfants pendant au moins cinq ans;Impôt sur le revenu;Solidarité, insertion et égalité des chances;304;Inclusion sociale et protection des personnes;Sans objet;Sans objet;Sans objet;Sans objet;Sans objet;Sans objet;646;628;702
110103;Demi-part supplémentaire pour les contribuables (et leurs conjoints survivants) de plus de 74 ans titulaires de la carte du combattant et pour les conjoints survivants de plus de 74 ans de personnes titulaires de la carte du combattant au moment de leur décès;Impôt sur le revenu;Anciens combattants, mémoire et liens avec la Nation;169;Reconnaissance et réparation en faveur du monde combattant, mémoire et liens avec la Nation;Sans objet;Sans objet;Sans objet;Sans objet;Sans objet;Sans objet;488;489;481
110104;Demi-part supplémentaire pour les contribuables invalides;Impôt sur le revenu;Solidarité, insertion et égalité des chances;157;Handicap et dépendance;Sans objet;Sans objet;Sans objet;Sans objet;Sans objet;Sans objet;495;468;520
110107;Maintien du quotient conjugal pour les contribuables veufs ayant des enfants à charge;Impôt sur le revenu;Solidarité, insertion et égalité des chances;304;Inclusion sociale et protection des personnes;Sans objet;Sans objet;Sans objet;Sans objet;Sans objet;Sans objet;115;110;110
110109;Demi-part supplémentaire ou quart de part supplémentaire en cas de résidence alternée, par enfant à charge titulaire de la carte d'invalidité ou part supplémentaire par personne rattachée au foyer fiscal titulaire de la carte d'invalidité;Impôt sur le revenu;Solidarité, insertion et égalité des chances;157;Handicap et dépendance;Solidarité, insertion et égalité des chances;304;Inclusion sociale et protection des personnes;Sans objet;Sans objet;Sans objet;159;168;165
110110;Demi-part supplémentaire, ou quart de part supplémentaire en cas de résidence alternée des enfants à charge, accordée aux parents isolés;Impôt sur le revenu;Solidarité, insertion et égalité des chances;304;Inclusion sociale et protection des personnes;Sans objet;Sans objet;Sans objet;Sans objet;Sans objet;Sans objet;795;856;912
110201;Réduction d'impôt au titre des dons;Impôt sur le revenu;Sport, jeunesse et vie associative;163;Jeunesse et vie associative;Recherche et enseignement supérieur;150;Formations supérieures et recherche universitaire;Cohésion des territoires;177;Hébergement, parcours vers le logement et insertion des personnes vulnérables;1880;1777;1987
110202;Crédit d'impôt au titre des cotisations versées aux organisations syndicales représentatives de salariés et aux associations professionnelles nationales de militaires;Impôt sur le revenu;Travail et emploi;111;Amélioration de la qualité de l'emploi et des relations du travail;Sans objet;Sans objet;Sans objet;Sans objet;Sans objet;Sans objet;143;142;149
110203;Crédit d'impôt pour frais de garde des enfants âgés de moins de 6 ans;Impôt sur le revenu;Solidarité, insertion et égalité des chances;304;Inclusion sociale et protection des personnes;Solidarité, insertion et égalité des chances;137;Égalité entre les femmes et les hommes;Sans objet;Sans objet;Sans objet;1614;1534;1721
110205;Réduction d'impôt au titre des primes des contrats de rente survie et des contrats d'épargne handicap;Impôt sur le revenu;Engagements financiers de l'État;145;Épargne;Sans objet;Sans objet;Sans objet;Sans objet;Sans objet;Sans objet;7;8;6
110210;Réduction d’impôt au titre des investissements locatifs et de la souscription au capital de certaines sociétés réalisés jusqu’au 31/12/2017 et au titre des travaux de réhabilitation de logements réalisés jusqu’au 31/12/2029, dans les départements d'outre-mer, à Saint-Pierre-et-Miquelon, en Nouvelle-Calédonie, en Polynésie française, dans les îles Wallis et Futuna et les Terres australes et antarctiques françaises;Impôt sur le revenu;Outre-mer;123;Conditions de vie outre-mer;Cohésion des territoires;135;Urbanisme, territoires et amélioration de l'habitat;Sans objet;Sans objet;Sans objet;26;26;26
110211;Réduction d'impôt pour frais de comptabilité et d'adhésion à un centre de gestion ou une association agréés;Impôt sur le revenu;Gestion des finances publiques;156;Gestion fiscale et financière de l'État et du secteur public local;Sans objet;Sans objet;Sans objet;Sans objet;Sans objet;Sans objet;131;126;140
110213;Réduction d'impôt au titre des frais de dépendance et d'hébergement pour les personnes dépendantes accueillies en établissement spécialisé;Impôt sur le revenu;Solidarité, insertion et égalité des chances;157;Handicap et dépendance;Sans objet;Sans objet;Sans objet;Sans objet;Sans objet;Sans objet;261;255;275
110215;Réduction d'impôt pour frais de scolarité dans l'enseignement secondaire;Impôt sur le revenu;Enseignement scolaire;230;Vie de l'élève;Enseignement scolaire;143;Enseignement technique agricole;Sans objet;Sans objet;Sans objet;218;222;224
110216;Réduction d'impôt au titre des souscriptions en numéraire au capital initial ou aux augmentations de capital de PME [européennes];Impôt sur le revenu;Économie;134;Développement des entreprises et régulations;Sans objet;Sans objet;Sans objet;Sans objet;Sans objet;Sans objet;73;75;75
110218;Réduction d'impôt au titre de la souscription de parts de fonds communs de placement dans l'innovation (FCPI);Impôt sur le revenu;Recherche et enseignement supérieur;192;Recherche et enseignement supérieur en matière économique et industrielle;Sans objet;Sans objet;Sans objet;Sans objet;Sans objet;Sans objet;58;56;55
110223;Réduction d'impôt au titre de la prestation compensatoire versée en tout ou partie sous forme d'argent ou d'attributions de biens ou de droits ou sous forme de capital se substituant à des rentes;Impôt sur le revenu;Solidarité, insertion et égalité des chances;304;Inclusion sociale et protection des personnes;Sans objet;Sans objet;Sans objet;Sans objet;Sans objet;Sans objet;57;55;54
110224;Réduction d'impôt sur le revenu à raison des investissements productifs réalisés dans les départements et collectivités d'outre-mer;Impôt sur le revenu;Outre-mer;123;Conditions de vie outre-mer;Sans objet;Sans objet;Sans objet;Sans objet;Sans objet;Sans objet;673;647;831
110226;Réduction d'impôt sur le revenu pour investissements et cotisations d'assurance de bois et forêts jusqu'au 31 décembre 2022;Impôt sur le revenu;Agriculture, alimentation, forêt et affaires rurales;149;Compétitivité et durabilité de l'agriculture, de l'agroalimentaire et de la forêt;Sans objet;Sans objet;Sans objet;Sans objet;Sans objet;Sans objet;4;-;-
110228;Réduction d'impôt au titre de la souscription de parts de fonds d'investissement de proximité (FIP);Impôt sur le revenu;Économie;134;Développement des entreprises et régulations;Sans objet;Sans objet;Sans objet;Sans objet;Sans objet;Sans objet;16;15;17
110229;Réduction d'impôt au titre des intérêts d'emprunts souscrits par une personne physique en vue de financer la reprise d'une entreprise exploitée sous forme de société soumise à l'impôt sur les sociétés;Impôt sur le revenu;Économie;134;Développement des entreprises et régulations;Sans objet;Sans objet;Sans objet;Sans objet;Sans objet;Sans objet;ε;ε;ε
110236;Crédit d'impôt pour dépenses d'équipements de l'habitation principale en faveur de l'aide aux personnes;Impôt sur le revenu;Cohésion des territoires;135;Urbanisme, territoires et amélioration de l'habitat;Solidarité, insertion et égalité des chances;157;Handicap et dépendance;Sans objet;Sans objet;Sans objet;52;54;53
110239;Réduction d'impôt sur le revenu à raison des intérêts perçus au titre du différé de paiement accordé à des exploitants agricoles;Impôt sur le revenu;Agriculture, alimentation, forêt et affaires rurales;149;Compétitivité et durabilité de l'agriculture, de l'agroalimentaire et de la forêt;Sans objet;Sans objet;Sans objet;Sans objet;Sans objet;Sans objet;ε;-;-
110240;Crédit d'impôt au titre des dépenses engagées par les exploitants agricoles pour assurer leur remplacement;Impôt sur le revenu;Agriculture, alimentation, forêt et affaires rurales;149;Compétitivité et durabilité de l'agriculture, de l'agroalimentaire et de la forêt;Sans objet;Sans objet;Sans objet;Sans objet;Sans objet;Sans objet;22;21;26
110241;Réduction d'impôt au titre des cotisations versées aux associations syndicales autorisées ayant pour objet la réalisation de travaux de prévention en vue de la défense des forêts contre les incendies sur des terrains inclus dans les bois classés;Impôt sur le revenu;Agriculture, alimentation, forêt et affaires rurales;149;Compétitivité et durabilité de l'agriculture, de l'agroalimentaire et de la forêt;Sans objet;Sans objet;Sans objet;Sans objet;Sans objet;Sans objet;ε;ε;ε
110242;Réduction d'impôt pour frais de scolarité dans l'enseignement supérieur;Impôt sur le revenu;Recherche et enseignement supérieur;231;Vie étudiante;Recherche et enseignement supérieur;142;Enseignement supérieur et recherche agricoles;Sans objet;Sans objet;Sans objet;212;216;218
110244;Réduction d’impôt au titre des souscriptions en numéraire, réalisées entre le 1er janvier 2006 et le 31 décembre 2026, au capital de sociétés anonymes agréées ayant pour seule activité le financement d’œuvres cinématographiques ou audiovisuelles (SOFICA);Impôt sur le revenu;Médias, livre et industries culturelles;334;Livre et industries culturelles;Culture;131;Création;Sans objet;Sans objet;Sans objet;35;35;35
110245;Réduction d'impôt au titre de la souscription de parts de fonds d'investissement de proximité (FIP) investis dans les entreprises corses;Impôt sur le revenu;Économie;134;Développement des entreprises et régulations;Sans objet;Sans objet;Sans objet;Sans objet;Sans objet;Sans objet;6;6;5
110246;Crédit d'impôt au titre de l'emploi d'un salarié à domicile;Impôt sur le revenu;Travail et emploi;103;Accompagnement des mutations économiques et développement de l'emploi;Solidarité, insertion et égalité des chances;137;Égalité entre les femmes et les hommes;Solidarité, insertion et égalité des chances;304;Inclusion sociale et protection des personnes;6110;6170;6724
110248;Réduction d'impôt sur le revenu au titre des travaux de conservation ou de restauration d'objets mobiliers classés monuments historiques;Impôt sur le revenu;Culture;175;Patrimoines;Sans objet;Sans objet;Sans objet;Sans objet;Sans objet;Sans objet;1;1;1
110249;Réduction d’impôt sur le revenu au titre des dépenses de restauration d’immeubles bâtis situés dans les sites patrimoniaux remarquables (SPR), les quartiers anciens dégradés, et les quartiers du Nouveau programme national de renouvellement urbain (NPNRU) : Nouveau dispositif Malraux;Impôt sur le revenu;Culture;175;Patrimoines;Sans objet;Sans objet;Sans objet;Sans objet;Sans objet;Sans objet;41;41;40
110250;Réduction d'impôt sur le revenu au titre des investissements locatifs réalisés dans le secteur de la location meublée non professionnelle (dispositif Censi-Bouvard);Impôt sur le revenu;Cohésion des territoires;135;Urbanisme, territoires et amélioration de l'habitat;Sans objet;Sans objet;Sans objet;Sans objet;Sans objet;Sans objet;46;40;40
110251;Réduction d'impôt sur le revenu en faveur de l'investissement locatif du 1er janvier 2009 au 31 décembre 2012 et, sous conditions, jusqu'au 31 mars 2013 dans les zones présentant un déséquilibre entre l'offre et la demande de logements (sous conditions de loyer) : Dispositif SCELLIER;Impôt sur le revenu;Cohésion des territoires;135;Urbanisme, territoires et amélioration de l'habitat;Sans objet;Sans objet;Sans objet;Sans objet;Sans objet;Sans objet;77;130;65
110252;Réduction d'impôt sur le revenu majorée en faveur de l'investissement locatif du 1er janvier 2009 au 31 décembre 2012 et, sous conditions, jusqu'au 31 mars 2013 dans le secteur intermédiaire dans les zones présentant un déséquilibre entre l'offre et la demande de logements accompagnée d'une déduction spécifique sur les revenus tirés de ces logements (sous conditions de loyer plus strictes et conditions de ressources du locataire) : Dispositif SCELLIER intermédiaire;Impôt sur le revenu;Cohésion des territoires;135;Urbanisme, territoires et amélioration de l'habitat;Sans objet;Sans objet;Sans objet;Sans objet;Sans objet;Sans objet;239;191;200
110256;Réduction d'impôt au titre des investissements effectués dans le secteur du logement social dans les collectivités d'outre-mer et en Nouvelle-Calédonie;Impôt sur le revenu;Outre-mer;123;Conditions de vie outre-mer;Sans objet;Sans objet;Sans objet;Sans objet;Sans objet;Sans objet;19;17;17
110258;Réduction d'impôt sur le revenu en faveur des investissements locatifs réalisés outre-mer jusqu'au 31 décembre 2012 ou, sous conditions, jusqu'au 31 mars 2013 : dispositif SCELLIER outre-mer;Impôt sur le revenu;Outre-mer;123;Conditions de vie outre-mer;Cohésion des territoires;135;Urbanisme, territoires et amélioration de l'habitat;Sans objet;Sans objet;Sans objet;ε;N/A;ε
110259;Réduction d'impôt sur le revenu en faveur des investissements locatifs réalisés outre-mer dans le secteur intermédiaire jusqu'au 31 décembre 2012 ou, sous conditions, jusqu'au 31 mars 2013 : dispositif SCELLIER intermédiaire outre-mer;Impôt sur le revenu;Outre-mer;123;Conditions de vie outre-mer;Cohésion des territoires;135;Urbanisme, territoires et amélioration de l'habitat;Sans objet;Sans objet;Sans objet;13;1;11
110260;Réduction d’impôt au titre de la souscription de parts de fonds d’investissement de proximité investis dans des sociétés qui exercent leurs activités dans les départements et collectivités d’outre-mer (FIPOM);Impôt sur le revenu;Outre-mer;123;Conditions de vie outre-mer;Sans objet;Sans objet;Sans objet;Sans objet;Sans objet;Sans objet;3;3;3
110261;Réductions d'impôt sur le revenu en faveur de l'investissement locatif intermédiaire (dispositifs Duflot et Pinel);Impôt sur le revenu;Cohésion des territoires;135;Urbanisme, territoires et amélioration de l'habitat;Sans objet;Sans objet;Sans objet;Sans objet;Sans objet;Sans objet;1396;1523;1529
110262;Crédit d'impôt au titre d’investissements et travaux forestiers et cotisations d'assurance de bois et forêts;Impôt sur le revenu;Agriculture, alimentation, forêt et affaires rurales;149;Compétitivité et durabilité de l'agriculture, de l'agroalimentaire et de la forêt;Sans objet;Sans objet;Sans objet;Sans objet;Sans objet;Sans objet;9;12;20
110263;Réduction d'impôt accordée au titre des souscriptions en numéraire au capital d'entreprises de presse;Impôt sur le revenu;Médias, livre et industries culturelles;180;Presse et médias;Sans objet;Sans objet;Sans objet;Sans objet;Sans objet;Sans objet;ε;ε;ε
110265;Réduction d'impôt en faveur de l'investissement locatif intermédiaire rénové (Dispositif Denormandie);Impôt sur le revenu;Cohésion des territoires;135;Urbanisme, territoires et amélioration de l'habitat;Sans objet;Sans objet;Sans objet;Sans objet;Sans objet;Sans objet;3;10;5
110266;Réduction d'impôt accordée au titre des souscriptions en numéraire au capital initial ou aux augmentations de capital d'une société foncière solidaire;Impôt sur le revenu;Cohésion des territoires;147;Politique de la ville;Sans objet;Sans objet;Sans objet;Sans objet;Sans objet;Sans objet;9;12;13
110267;Crédit d'impôt sur le revenu au titre du premier abonnement à un journal, à une publication périodique ou à un service de presse en ligne d'information politique et générale;Impôt sur le revenu;Médias, livre et industries culturelles;180;Presse et médias;Sans objet;Sans objet;Sans objet;Sans objet;Sans objet;Sans objet;2;-;-
110268;Crédit d’impôt destiné à l’acquisition et à la pose de systèmes de charge pour véhicule électrique;Impôt sur le revenu;Écologie, développement et mobilité durables;174;Énergie, climat et après-mines;Sans objet;Sans objet;Sans objet;Sans objet;Sans objet;Sans objet;12;22;13
110269;Réduction d’impôt sur le revenu en faveur des logements donnés en location dans le cadre d’une convention ANAH (dispositif Loc’Avantages);Impôt sur le revenu;Cohésion des territoires;135;Urbanisme, territoires et amélioration de l'habitat;Sans objet;Sans objet;Sans objet;Sans objet;Sans objet;Sans objet;2;1;5
110270;Réduction d’impôt sur le revenu au titre des souscriptions au capital de jeunes entreprises innovantes;Impôt sur le revenu;Recherche et enseignement supérieur;192;Recherche et enseignement supérieur en matière économique et industrielle;Sans objet;Sans objet;Sans objet;Sans objet;Sans objet;Sans objet;-;création;-
110271;Réduction d’impôt sur le revenu au titre des souscriptions au capital de jeunes entreprises innovantes qui réalisent un pourcentage de dépenses de recherche supérieur à 30 %;Impôt sur le revenu;Recherche et enseignement supérieur;192;Recherche et enseignement supérieur en matière économique et industrielle;Sans objet;Sans objet;Sans objet;Sans objet;Sans objet;Sans objet;-;création;-
110302;Réduction, dans la limite d’un certain montant, pour les contribuables des départements d’outre-mer de la cotisation résultant du barème (30 % en Guadeloupe, Martinique et Réunion , 40 % en Guyane et à Mayotte);Impôt sur le revenu;Outre-mer;123;Conditions de vie outre-mer;Sans objet;Sans objet;Sans objet;Sans objet;Sans objet;Sans objet;383;391;383
110307;Imposition des salaires ou des bénéfices des écrivains, des artistes et des sportifs selon une moyenne triennale ou quinquennale;Impôt sur le revenu;Culture;131;Création;Sans objet;Sans objet;Sans objet;Sans objet;Sans objet;Sans objet;nc;nc;nc
110308;Décharge de paiement d'impôt sur le revenu en cas de décès du fait d'actes de terrorisme, de la participation à une opération extérieure ou de sécurité intérieure ou dans des circonstances ayant entraîné une citation à l'ordre de la Nation;Impôt sur le revenu;Justice;101;Accès au droit et à la justice;Sans objet;Sans objet;Sans objet;Sans objet;Sans objet;Sans objet;N/A;nc;ε
120101;Exonération du salaire différé de l'héritier d'un exploitant agricole ayant cessé de participer directement et gratuitement à l'exploitation avant le 1er juillet 2014;Impôt sur le revenu;Agriculture, alimentation, forêt et affaires rurales;149;Compétitivité et durabilité de l'agriculture, de l'agroalimentaire et de la forêt;Sans objet;Sans objet;Sans objet;Sans objet;Sans objet;Sans objet;1;1;1
120104;Exonération du traitement attaché à la légion d'honneur et à la médaille militaire;Impôt sur le revenu;Direction de l'action du Gouvernement;129;Coordination du travail gouvernemental;Sans objet;Sans objet;Sans objet;Sans objet;Sans objet;Sans objet;ε;ε;ε
120108;Exonération des sommes versées au titre de la participation, de l'intéressement, de l'abondement, d'un partage de plus-value, des primes de partage de la valeur, d’un plan de partage de la valorisation de l’entreprise, aux plans d'épargne salariale et aux plans d'épargne retraite d'entreprise collectifs ou obligatoires;Impôt sur le revenu;Engagements financiers de l'État;145;Épargne;Sans objet;Sans objet;Sans objet;Sans objet;Sans objet;Sans objet;2750;2580;2750
120109;Exonération du salaire des apprentis et des gratifications versées aux stagiaires versées à compter du 12 juillet 2014;Impôt sur le revenu;Travail et emploi;103;Accompagnement des mutations économiques et développement de l'emploi;Enseignement scolaire;141;Enseignement scolaire public du second degré;Recherche et enseignement supérieur;231;Vie étudiante;353;373;370
120111;Exonération de la participation des employeurs au financement des titres-restaurant;Impôt sur le revenu;Travail et emploi;111;Amélioration de la qualité de l'emploi et des relations du travail;Sans objet;Sans objet;Sans objet;Sans objet;Sans objet;Sans objet;479;505;505
120112;Exonération de la contribution patronale et de la participation financière du comité d'entreprise et des organismes à caractère social au financement des chèques vacances;Impôt sur le revenu;Économie;134;Développement des entreprises et régulations;Sans objet;Sans objet;Sans objet;Sans objet;Sans objet;Sans objet;97;103;103
120113;Exonération partielle de la prise en charge par l'employeur, une collectivité territoriale ou Pôle emploi, des frais de transport entre le domicile et le lieu de travail;Impôt sur le revenu;Travail et emploi;111;Amélioration de la qualité de l'emploi et des relations du travail;Écologie, développement et mobilité durables;203;Infrastructures et services de transports;Sans objet;Sans objet;Sans objet;189;nc;228
120116;Exonération des gratifications allouées à l'occasion de la remise de la médaille d'honneur du travail;Impôt sur le revenu;Travail et emploi;111;Amélioration de la qualité de l'emploi et des relations du travail;Sans objet;Sans objet;Sans objet;Sans objet;Sans objet;Sans objet;8;8;8
120117;Exonération totale pour les prestations et rentes viagères servies aux victimes d'accidents du travail et de maladies professionnelles et à hauteur de 50 % pour les indemnités temporaires;Impôt sur le revenu;Santé;183;Protection maladie;Sans objet;Sans objet;Sans objet;Sans objet;Sans objet;Sans objet;494;487;515
120123;Exonération des vacations horaires et des avantages retraite servis aux sapeurs-pompiers volontaires;Impôt sur le revenu;Sécurités;161;Sécurité civile;Sans objet;Sans objet;Sans objet;Sans objet;Sans objet;Sans objet;75;71;75
120124;Exonération totale ou partielle des sommes versées aux salariés détachés à l'étranger;Impôt sur le revenu;Économie;134;Développement des entreprises et régulations;Sans objet;Sans objet;Sans objet;Sans objet;Sans objet;Sans objet;219;nc;nc
120126;Exonération des pensions servies en vertu des dispositions du code des pensions militaires d'invalidité et des victimes de guerre, de la retraite du combattant, des retraites mutuelles servies aux anciens combattants et aux victimes de guerre, de certaines allocations servies aux anciens harkis et assimilées ou à leurs ayant droits et de certaines prestations versées aux orphelins de guerre;Impôt sur le revenu;Anciens combattants, mémoire et liens avec la Nation;169;Reconnaissance et réparation en faveur du monde combattant, mémoire et liens avec la Nation;Anciens combattants, mémoire et liens avec la nation;158;Indemnisation des victimes des persécutions antisémites et des actes de barbarie pendant la seconde guerre mondiale;Sans objet;Sans objet;Sans objet;93;99;92
120127;Exonération des indemnités versées aux réservistes en période d'instruction, aux personnes accomplissant un service civique ou une autre forme de volontariat;Impôt sur le revenu;Défense;178;Préparation et emploi des forces;Sécurités;152;Gendarmerie nationale;Sans objet;Sans objet;Sans objet;98;93;105
120128;Exonération de la rente viagère lorsqu'un PEA se dénoue après 5 ans ou un PEP après 8 ans;Impôt sur le revenu;Engagements financiers de l'État;145;Épargne;Sans objet;Sans objet;Sans objet;Sans objet;Sans objet;Sans objet;37;nc;44
120129;Exonération de l'aide financière versée par l'Etat aux créateurs ou repreneurs d'entreprises (art. L. 5141-2 du code du travail);Impôt sur le revenu;Travail et emploi;103;Accompagnement des mutations économiques et développement de l'emploi;Économie;134;Développement des entreprises et régulations;Sans objet;Sans objet;Sans objet;ε;ε;ε
120131;Exonération temporaire des suppléments de rémunération versés aux salariés et mandataires sociaux au titre de l'exercice d'une activité professionnelle en France (primes d'impatriation), de la fraction de leur rémunération correspondant à l'activité exercée à l'étranger et de la rémunération des salariés et dirigeants de la Chambre de commerce internationale;Impôt sur le revenu;Économie;134;Développement des entreprises et régulations;Sans objet;Sans objet;Sans objet;Sans objet;Sans objet;Sans objet;322;252;361
120132;Exonération d'impôt sur le revenu (sur option) des salaires perçus par les jeunes au titre d'une activité exercée pendant leurs études secondaires ou supérieures ou leurs congés scolaires ou universitaires;Impôt sur le revenu;Recherche et enseignement supérieur;231;Vie étudiante;Enseignement scolaire;141;Enseignement scolaire public du second degré;Sans objet;Sans objet;Sans objet;305;406;312
120133;Exonération des indemnités versées aux victimes de l'amiante;Impôt sur le revenu;Santé;183;Protection maladie;Sans objet;Sans objet;Sans objet;Sans objet;Sans objet;Sans objet;7;6;8
120134;Exonération de l'aide financière versée par l'employeur ou par le comité d'entreprise en faveur des salariés afin de financer des services à la personne;Impôt sur le revenu;Travail et emploi;103;Accompagnement des mutations économiques et développement de l'emploi;Sans objet;Sans objet;Sans objet;Sans objet;Sans objet;Sans objet;50;47;50
120138;Exonération sous plafond des indemnités reçues par les salariés en cas de rupture conventionnelle du contrat de travail (ou dispositifs assimilés);Impôt sur le revenu;Travail et emploi;103;Accompagnement des mutations économiques et développement de l'emploi;Sans objet;Sans objet;Sans objet;Sans objet;Sans objet;Sans objet;283;279;285
120139;Exonération des sommes correspondant à des jours de congés non-pris ou prélevées sur un compte épargne-temps (CET) pour alimenter un PERCO ou un plan d'épargne retraite d'entreprise collectif ou obligatoire, dans la limite de dix jours par an;Impôt sur le revenu;Engagements financiers de l'État;145;Épargne;Sans objet;Sans objet;Sans objet;Sans objet;Sans objet;Sans objet;7;7;7
120140;Exonération du pécule modulable d'incitation au départ des militaires;Impôt sur le revenu;Défense;212;Soutien de la politique de la défense;Sans objet;Sans objet;Sans objet;Sans objet;Sans objet;Sans objet;2;2;2
120141;Exonération de l'indemnité de départ volontaire versée dans le cadre d'une restructuration ou d'une réorganisation du ministère de la défense;Impôt sur le revenu;Défense;212;Soutien de la politique de la défense;Sans objet;Sans objet;Sans objet;Sans objet;Sans objet;Sans objet;ε;ε;ε
120142;Exonération de la prise en charge directe à titre de pensions alimentaires des dépenses d'hospitalisation ou d'hébergement en établissement : - des ascendants privés de ressources suffisantes par leurs enfants ou petits-enfants , - des enfants majeurs infirmes dénués de ressources par leurs parents;Impôt sur le revenu;Solidarité, insertion et égalité des chances;157;Handicap et dépendance;Sans objet;Sans objet;Sans objet;Sans objet;Sans objet;Sans objet;16;17;16
120143;Exonération des indemnités versées aux victimes des essais nucléaires français et à leurs ayants-droit;Impôt sur le revenu;Direction de l'action du Gouvernement;129;Coordination du travail gouvernemental;Sans objet;Sans objet;Sans objet;Sans objet;Sans objet;Sans objet;1;2;1
120144;Exonération de l’impôt sur le revenu des indemnités versées aux militaires au titre de leur participation aux opérations visant à la défense de la souveraineté de la France et à la préservation de l'intégrité de son territoire, engagées ou renforcées à la suite des attentats commis sur le territoire national en 2015;Impôt sur le revenu;Défense;178;Préparation et emploi des forces;Sans objet;Sans objet;Sans objet;Sans objet;Sans objet;Sans objet;8;8;16
120145;Exonération de l’impôt sur le revenu de l’indemnité journalière d’absence temporaire versée aux personnels des compagnies républicaines de sécurité et aux gendarmes mobiles;Impôt sur le revenu;Sécurités;176;Police nationale;Sécurités;152;Gendarmerie nationale;Sans objet;Sans objet;Sans objet;12;12;14
120146;Exonération de l’impôt sur le revenu, sous certaines conditions et limites, des rémunérations versées à raison des heures supplémentaires et complémentaires réalisées à compter du 1er janvier 2019;Impôt sur le revenu;Travail et emploi;103;Accompagnement des mutations économiques et développement de l'emploi;Sans objet;Sans objet;Sans objet;Sans objet;Sans objet;Sans objet;1814;1787;1840
120147;Exonération partielle des indemnités journalières versées aux exploitants agricoles au titre d'un régime d'assurance obligatoire contre les accidents du travail et les maladies professionnelles;Impôt sur le revenu;Agriculture, alimentation, forêt et affaires rurales;149;Compétitivité et durabilité de l'agriculture, de l'agroalimentaire et de la forêt;Sans objet;Sans objet;Sans objet;Sans objet;Sans objet;Sans objet;-;création;3
120201;Exonération de l'aide personnalisée au logement, de l'allocation de logement familiale et de l'allocation de logement sociale;Impôt sur le revenu;Cohésion des territoires;109;Aide à l'accès au logement;Sans objet;Sans objet;Sans objet;Sans objet;Sans objet;Sans objet;63;76;64
120202;Exonération des prestations familiales et de l'allocation aux adultes handicapés;Impôt sur le revenu;Solidarité, insertion et égalité des chances;304;Inclusion sociale et protection des personnes;Solidarité, insertion et égalité des chances;157;Handicap et dépendance;Sans objet;Sans objet;Sans objet;1605;1850;1755
120203;Exonération des allocations, indemnités et prestations d'assistance et d'assurance;Impôt sur le revenu;Cohésion des territoires;177;Hébergement, parcours vers le logement et insertion des personnes vulnérables;Sans objet;Sans objet;Sans objet;Sans objet;Sans objet;Sans objet;144;103;144
120204;Exonération des indemnités journalières de sécurité sociale servies au titre des maladies "longues et coûteuses";Impôt sur le revenu;Santé;204;Prévention, sécurité sanitaire et offre de soins;Sans objet;Sans objet;Sans objet;Sans objet;Sans objet;Sans objet;545;580;565
120205;Exonération de l'allocation personnalisée d'autonomie (APA);Impôt sur le revenu;Solidarité, insertion et égalité des chances;157;Handicap et dépendance;Sans objet;Sans objet;Sans objet;Sans objet;Sans objet;Sans objet;125;135;125
120206;Exonération de la prestation de compensation servie aux personnes handicapées en application de l'article L. 245-1 du code de l'action sociale et des familles;Impôt sur le revenu;Solidarité, insertion et égalité des chances;157;Handicap et dépendance;Sans objet;Sans objet;Sans objet;Sans objet;Sans objet;Sans objet;75;85;85
120401;Abattement de 10 % sur le montant des pensions (y compris les pensions alimentaires) et des retraites;Impôt sur le revenu;Solidarité, insertion et égalité des chances;157;Handicap et dépendance;Sans objet;Sans objet;Sans objet;Sans objet;Sans objet;Sans objet;4533;4544;4806
120402;Abattements des articles 150-0 D ou 150-0 D ter du CGI au gain d'acquisition d'actions gratuites dont l'autorisation d'attribution par l'assemblée générale intervient du 8 août 2015 au 31 décembre 2017 et abattement de 50 % (ou le cas échéant de l’article 150-0 D ter) lorsque cette autorisation d’attribution intervient à compter du 1er janvier 2018.;Impôt sur le revenu;Économie;134;Développement des entreprises et régulations;Sans objet;Sans objet;Sans objet;Sans objet;Sans objet;Sans objet;121;111;177
120501;Régime spécial d'imposition des assistants maternels et des assistants familiaux régis par les articles L. 421-1 et suivants et L. 423-1 et suivants du code de l'action sociale et des familles;Impôt sur le revenu;Solidarité, insertion et égalité des chances;304;Inclusion sociale et protection des personnes;Sans objet;Sans objet;Sans objet;Sans objet;Sans objet;Sans objet;391;605;391
120503;Imposition, sous certaines conditions, aux taux forfaitaires de 41%, 30 % ou 18 % des gains de levée d'options de souscription ou d'achat d'actions attribuées avant le 28 septembre 2012;Impôt sur le revenu;Engagements financiers de l'État;145;Épargne;Sans objet;Sans objet;Sans objet;Sans objet;Sans objet;Sans objet;7;nc;nc
120504;Imposition au taux forfaitaire de 19 % des gains nets provenant de la cession des titres souscrits en exercice des bons de parts de créateur d'entreprise attribués jusqu’au 31 décembre 2017 et au taux forfaitaire de 12,8 %, après application le cas échéant de l’abattement de l’article 150-0 D ter du CGI, pour les bons attribués à compter du 1er janvier 2018.;Impôt sur le revenu;Économie;134;Développement des entreprises et régulations;Sans objet;Sans objet;Sans objet;Sans objet;Sans objet;Sans objet;85;nc;45
120506;Imposition au taux forfaitaire de 30 % de l'avantage (« gain d'acquisition ») résultant de l'attribution d'actions gratuites avant le 28 septembre 2012;Impôt sur le revenu;Engagements financiers de l'État;145;Épargne;Sans objet;Sans objet;Sans objet;Sans objet;Sans objet;Sans objet;7;nc;nc
120507;Etalement sur quatre ans de l'imposition du montant des droits transférés d'un compte épargne-temps vers un plan d'épargne pour la retraite collectif (PERCO) ou d'un plan d'épargne entreprise investi en titres de l'entreprise ou assimilés et de la fraction imposable des indemnités de départ volontaire en retraite ou de mise à la retraite;Impôt sur le revenu;Travail et emploi;103;Accompagnement des mutations économiques et développement de l'emploi;Sans objet;Sans objet;Sans objet;Sans objet;Sans objet;Sans objet;nc;-;-
120508;Imposition au taux forfaitaire des prestations de retraite versées sous forme de capital : 12,8 % pour la part correspondant aux produits provenant d'un plan d'épargne retraite , 7,5 % pour les autres prestations de retraite servies sous forme de capital;Impôt sur le revenu;Engagements financiers de l'État;145;Épargne;Sans objet;Sans objet;Sans objet;Sans objet;Sans objet;Sans objet;285;332;264
120509;Etalement sur quatre ans de l'imposition du montant des primes versées par l'Etat aux sportifs médaillés aux Jeux olympiques et paralympiques et à leur guide;Impôt sur le revenu;Sport, jeunesse et vie associative;219;Sport;Sans objet;Sans objet;Sans objet;Sans objet;Sans objet;Sans objet;N/A;nc;N/A
130101;Exonération d’impôt sur le revenu au titre des revenus fonciers pour les associés personnes physiques des SCI d’accession progressive à la propriété;Impôt sur le revenu;Cohésion des territoires;135;Urbanisme, territoires et amélioration de l'habitat;Sans objet;Sans objet;Sans objet;Sans objet;Sans objet;Sans objet;nc;nc;nc
130201;Déduction des dépenses de réparations et d'amélioration;Impôt sur le revenu;Cohésion des territoires;135;Urbanisme, territoires et amélioration de l'habitat;Écologie, développement et mobilité durables;181;Prévention des risques;Sans objet;Sans objet;Sans objet;1836;nc;nc
130203;Déduction spécifique sur les revenus des logements loués sous conditions de loyer et de ressources du locataire : Dispositif BESSON ancien;Impôt sur le revenu;Cohésion des territoires;135;Urbanisme, territoires et amélioration de l'habitat;Sans objet;Sans objet;Sans objet;Sans objet;Sans objet;Sans objet;16;-;-
130204;Déduction dégressive sur les revenus des logements neufs loués à usage d'habitation principale : Dispositif PERISSOL;Impôt sur le revenu;Cohésion des territoires;135;Urbanisme, territoires et amélioration de l'habitat;Sans objet;Sans objet;Sans objet;Sans objet;Sans objet;Sans objet;24;26;20
130208;Déduction dégressive sur les revenus des logements loués à usage d'habitation principale pour les investissements réalisés entre le 3 avril 2003 et le 31 décembre 2009 : Dispositifs ROBIEN classique et ROBIEN recentré;Impôt sur le revenu;Cohésion des territoires;135;Urbanisme, territoires et amélioration de l'habitat;Sans objet;Sans objet;Sans objet;Sans objet;Sans objet;Sans objet;18;40;18
130209;Déduction dégressive sur les revenus des logements neufs loués à usage d'habitation principale (sous conditions de loyer et de ressources du locataire à compter du 1er janvier 1999) pour les investissements réalisés jusqu'au 3 avril 2003 : Dispositif BESSON neuf;Impôt sur le revenu;Cohésion des territoires;135;Urbanisme, territoires et amélioration de l'habitat;Sans objet;Sans objet;Sans objet;Sans objet;Sans objet;Sans objet;1;3;1
130211;Déduction sur les revenus des logements loués à usage d'habitation principale dans les zones de revitalisation rurale : Dispositif ROBIEN ZRR jusqu'en 2009 et SCELLIER ZRR à compter de 2009;Impôt sur le revenu;Cohésion des territoires;135;Urbanisme, territoires et amélioration de l'habitat;Sans objet;Sans objet;Sans objet;Sans objet;Sans objet;Sans objet;6;2;6
130213;Déduction des dépenses d'amélioration afférentes aux propriétés non bâties;Impôt sur le revenu;Écologie, développement et mobilité durables;113;Paysages, eau et biodiversité;Sans objet;Sans objet;Sans objet;Sans objet;Sans objet;Sans objet;1;ε;1
130214;Déduction spécifique sur les revenus des logements neufs à usage d'habitation principale (sous conditions de loyer et de ressources du locataire) : Dispositif BORLOO populaire;Impôt sur le revenu;Cohésion des territoires;135;Urbanisme, territoires et amélioration de l'habitat;Sans objet;Sans objet;Sans objet;Sans objet;Sans objet;Sans objet;24;20;20
130215;Déduction spécifique sur les revenus des logements donnés en location dans le cadre d'une convention ANAH : Dispositif BORLOO ancien;Impôt sur le revenu;Cohésion des territoires;135;Urbanisme, territoires et amélioration de l'habitat;Sans objet;Sans objet;Sans objet;Sans objet;Sans objet;Sans objet;45;49;42
130217;Déduction des intérêts d'emprunt supportés par les nus-propriétaires de logements dont l'usufruit est détenu temporairement par un bailleur social (opérations "d'usufruit locatif social");Impôt sur le revenu;Cohésion des territoires;135;Urbanisme, territoires et amélioration de l'habitat;Sans objet;Sans objet;Sans objet;Sans objet;Sans objet;Sans objet;2;1;2
130218;Déduction spécifique sur les revenus fonciers des logements donnés en location dans le cadre d’une convention ANAH : dispositif COSSE;Impôt sur le revenu;Cohésion des territoires;135;Urbanisme, territoires et amélioration de l'habitat;Sans objet;Sans objet;Sans objet;Sans objet;Sans objet;Sans objet;27;23;22
130302;Imputation sur le revenu global sans limitation de montant des déficits fonciers supportés par les propriétaires d’immeubles classés ou inscrits au titre des monuments historiques ou labellisés Fondation du patrimoine (immeubles bâtis);Impôt sur le revenu;Culture;175;Patrimoines;Sans objet;Sans objet;Sans objet;Sans objet;Sans objet;Sans objet;48;20;48
130304;Doublement du plafond du déficit foncier imputable sur le revenu global pour les propriétaires bailleurs réalisant des travaux de rénovation énergétique;Impôt sur le revenu;Cohésion des territoires;135;Urbanisme, territoires et amélioration de l'habitat;Sans objet;Sans objet;Sans objet;Sans objet;Sans objet;Sans objet;-;nc;nc
140101;Exonération des intérêts et primes versés dans le cadre de l'épargne logement;Impôt sur le revenu;Engagements financiers de l'État;145;Épargne;Sans objet;Sans objet;Sans objet;Sans objet;Sans objet;Sans objet;475;445;426
140102;Exonération des intérêts des livrets A;Impôt sur le revenu;Engagements financiers de l'État;145;Épargne;Sans objet;Sans objet;Sans objet;Sans objet;Sans objet;Sans objet;395;906;950
140103;Exonération des intérêts des livrets bleus;Impôt sur le revenu;Engagements financiers de l'État;145;Épargne;Sans objet;Sans objet;Sans objet;Sans objet;Sans objet;Sans objet;36;78;80
140104;Exonération des intérêts des livrets de développement durable;Impôt sur le revenu;Engagements financiers de l'État;145;Épargne;Sans objet;Sans objet;Sans objet;Sans objet;Sans objet;Sans objet;165;375;384
140105;Exonération des intérêts des livrets d'épargne populaire;Impôt sur le revenu;Engagements financiers de l'État;145;Épargne;Sans objet;Sans objet;Sans objet;Sans objet;Sans objet;Sans objet;54;134;145
140106;Exonération des intérêts des livrets jeune;Impôt sur le revenu;Engagements financiers de l'État;145;Épargne;Sans objet;Sans objet;Sans objet;Sans objet;Sans objet;Sans objet;5;10;11
140109;Exonération des revenus provenant de l'épargne salariale (participation, plan d'épargne salariale et compartiment épargne salariale des plans d'épargne retraite);Impôt sur le revenu;Engagements financiers de l'État;145;Épargne;Sans objet;Sans objet;Sans objet;Sans objet;Sans objet;Sans objet;590;550;590
140117;Exonération des dividendes capitalisés sur un plan d'épargne en actions;Impôt sur le revenu;Économie;134;Développement des entreprises et régulations;Sans objet;Sans objet;Sans objet;Sans objet;Sans objet;Sans objet;419;nc;479
140119;Exonération ou imposition réduite des produits attachés aux bons ou contrats de capitalisation et d'assurance-vie;Impôt sur le revenu;Engagements financiers de l'État;145;Épargne;Sans objet;Sans objet;Sans objet;Sans objet;Sans objet;Sans objet;532;542;549
140120;Exonération des produits attachés à certains contrats d'assurance investis en actions ouverts avant le 1er janvier 2014;Impôt sur le revenu;Engagements financiers de l'État;145;Épargne;Sans objet;Sans objet;Sans objet;Sans objet;Sans objet;Sans objet;2;2;2
140122;Exonération, sous certaines conditions, des revenus des parts de fonds communs de placement à risques (FCPR) et des produits distribués des sociétés de capital risque (SCR);Impôt sur le revenu;Économie;134;Développement des entreprises et régulations;Sans objet;Sans objet;Sans objet;Sans objet;Sans objet;Sans objet;9;6;9
140123;Exonération des produits des plans d'épargne populaire;Impôt sur le revenu;Engagements financiers de l'État;145;Épargne;Sans objet;Sans objet;Sans objet;Sans objet;Sans objet;Sans objet;70;122;101
140126;Exonération temporaire à hauteur de 50 % des revenus de capitaux mobiliers perçus à l'étranger par des personnes physiques impatriées;Impôt sur le revenu;Économie;134;Développement des entreprises et régulations;Sans objet;Sans objet;Sans objet;Sans objet;Sans objet;Sans objet;3;4;6
140127;Exonération d’impôt sur le revenu des dividendes capitalisés sur un plan d’épargne avenir climat (PEAC);Impôt sur le revenu;Engagements financiers de l'État;145;Épargne;Sans objet;Sans objet;Sans objet;Sans objet;Sans objet;Sans objet;-;création;N/A
140308;Prélèvement libératoire à taux réduit sur les produits de placement à revenus fixes abandonnés dans le cadre d'un mécanisme d'épargne solidaire;Impôt sur le revenu;Aide publique au développement;110;Aide économique et financière au développement;Sans objet;Sans objet;Sans objet;Sans objet;Sans objet;Sans objet;1;ε;1
140309;Mécanisme d’imputation de la perte en capital subie en cas de non-remboursement de prêts participatifs, ou de minibons souscrits jusqu’au 10 novembre 2023, exclusivement sur les intérêts d’autres prêts participatifs ou d’autres minibons lorsque ceux-ci ont été souscrits jusqu’au 10 novembre 2023;Impôt sur le revenu;Engagements financiers de l'État;145;Épargne;Sans objet;Sans objet;Sans objet;Sans objet;Sans objet;Sans objet;5;6;6
150114;Exonération de la première cession d'un logement en France par des personnes physiques non résidentes de France, ressortissantes d'un Etat membre de l'Espace économique européen (EEE), dans la limite de 150 000 € de plus-value nette imposable;Impôt sur le revenu;Cohésion des territoires;135;Urbanisme, territoires et amélioration de l'habitat;Sans objet;Sans objet;Sans objet;Sans objet;Sans objet;Sans objet;20;20;15
150117;Exonération des plus-values de cession réalisées par des titulaires de pensions de vieillesse ou de la carte « mobilité inclusion » portant la mention « invalidité », sous conditions de revenus et de patrimoine;Impôt sur le revenu;Solidarité, insertion et égalité des chances;157;Handicap et dépendance;Sans objet;Sans objet;Sans objet;Sans objet;Sans objet;Sans objet;15;15;15
150118;Exonération des plus-values immobilières au titre des cessions d’immeubles effectuées jusqu’au 31 décembre 2025, sous conditions, au profit d’organismes en charge du logement social et de tout cessionnaire prenant l’engagement de réaliser des logements sociaux et/ou intermédiaires.;Impôt sur le revenu;Cohésion des territoires;135;Urbanisme, territoires et amélioration de l'habitat;Sans objet;Sans objet;Sans objet;Sans objet;Sans objet;Sans objet;15;10;15
150119;Exonération des plus-values immobilières au titre des cessions d'immeubles au profit des collectivités territoriales ou de certains établissements publics et sociétés en vue de leur cession par ceux-ci à des organismes en charge du logement social, réalisées jusqu’au 31 décembre 2025;Impôt sur le revenu;Cohésion des territoires;135;Urbanisme, territoires et amélioration de l'habitat;Sans objet;Sans objet;Sans objet;Sans objet;Sans objet;Sans objet;ε;ε;ε
150120;Exonération des plus-values immobilières au titre de la première cession d'un logement sous condition de remploi par le cédant d'une fraction du prix de cession à l'acquisition ou la construction d'un logement affecté à son habitation principale;Impôt sur le revenu;Cohésion des territoires;135;Urbanisme, territoires et amélioration de l'habitat;Sans objet;Sans objet;Sans objet;Sans objet;Sans objet;Sans objet;50;55;40
150121;Exonération des plus-values immobilières réalisées par les personnes âgées ou handicapées à l'occasion de la cession de leur ancienne résidence principale avant leur entrée dans un établissement médicalisé;Impôt sur le revenu;Solidarité, insertion et égalité des chances;157;Handicap et dépendance;Sans objet;Sans objet;Sans objet;Sans objet;Sans objet;Sans objet;nc;nc;nc
150209;Abattement exceptionnel de 70% ou de 85% applicable, sous conditions, aux plus-values de cession de terrains à bâtir ou d'immeubles bâtis destinés à la démolition, en vue de la construction de logements, en zones A et A bis, réalisées du 1er janvier 2018 au 31 décembre 2022;Impôt sur le revenu;Cohésion des territoires;135;Urbanisme, territoires et amélioration de l'habitat;Sans objet;Sans objet;Sans objet;Sans objet;Sans objet;Sans objet;nc;-;-
150210;Abattement exceptionnel de 60 %, 75 % ou 85 % applicable, sous conditions, aux plus-values de cessions réalisées jusqu’au 31 décembre 2027, de terrains à bâtir ou d'immeubles bâtis destinés à la construction, la démolition-reconstruction ou la réhabilitation, en vue de la création de logements;Impôt sur le revenu;Cohésion des territoires;135;Urbanisme, territoires et amélioration de l'habitat;Sans objet;Sans objet;Sans objet;Sans objet;Sans objet;Sans objet;nc;nc;nc
150403;Exonération de la taxe forfaitaire sur les bijoux, objets d'art, de collection et d'antiquité en cas de vente aux musées bénéficiaires de l'appellation "musée de France" ou aux services d'archives et bibliothèques de l'Etat, d'une collectivité territoriale ou d'une autre personne publique;Impôt sur le revenu;Culture;175;Patrimoines;Sans objet;Sans objet;Sans objet;Sans objet;Sans objet;Sans objet;5;6;5
150405;Exonération de la taxe forfaitaire pour les cessions et exportations de métaux précieux, bijoux, objets d'art, de collection et d'antiquité réalisées par des non-résidents;Impôt sur le revenu;Culture;175;Patrimoines;Sans objet;Sans objet;Sans objet;Sans objet;Sans objet;Sans objet;5;5;5
150406;Exonération temporaire des plus-values de cession d'un droit de surélévation réalisées par les particuliers en vue de la réalisation par le cessionnaire de locaux destinés à l'habitation;Impôt sur le revenu;Cohésion des territoires;135;Urbanisme, territoires et amélioration de l'habitat;Sans objet;Sans objet;Sans objet;Sans objet;Sans objet;Sans objet;nc;nc;nc
150515;Abattement fixe applicable aux cessions de titres ou droits par les dirigeants de PME partant à la retraite;Impôt sur le revenu;Économie;134;Développement des entreprises et régulations;Sans objet;Sans objet;Sans objet;Sans objet;Sans objet;Sans objet;86;80;96
150518;Abattement majoré appliqué aux plus-values sur cessions de titres acquis moins de dix ans après la création d'une PME;Impôt sur le revenu;Économie;134;Développement des entreprises et régulations;Sans objet;Sans objet;Sans objet;Sans objet;Sans objet;Sans objet;220;nc;215
150701;Exonération des gains réalisés lors des cessions à titre onéreux de titres acquis dans le cadre des dispositifs d'épargne salariale (participation, plan d'épargne salariale, y compris actionnariat salarié, et compartiment épargne salariale des plans d'épargne retraite);Impôt sur le revenu;Engagements financiers de l'État;145;Épargne;Sans objet;Sans objet;Sans objet;Sans objet;Sans objet;Sans objet;108;nc;98
150704;Exonération des gains retirés d'opérations de bourse effectuées par les clubs d'investissement durant leur existence. Création d'un régime simplifié d'imposition;Impôt sur le revenu;Engagements financiers de l'État;145;Épargne;Sans objet;Sans objet;Sans objet;Sans objet;Sans objet;Sans objet;nc;nc;nc
150705;Exonération conditionnelle des gains réalisés par les fonds communs de placement dans le cadre de leur gestion;Impôt sur le revenu;Engagements financiers de l'État;145;Épargne;Sans objet;Sans objet;Sans objet;Sans objet;Sans objet;Sans objet;nc;nc;nc
150706;Exonération des plus-values réalisées à l'occasion de la cession ou du rachat de parts de fonds communs de placement à risques sous certaines conditions;Impôt sur le revenu;Engagements financiers de l'État;145;Épargne;Sans objet;Sans objet;Sans objet;Sans objet;Sans objet;Sans objet;ε;ε;ε
150707;Exonération des gains de cessions de valeurs mobilières et des profits réalisés par les non-résidents sur les marchés à terme d’instruments financiers et d’options négociables, sur les bons d’option et sur les parts de fonds communs d’intervention sur les marchés à terme d’instruments financiers;Impôt sur le revenu;Engagements financiers de l'État;145;Épargne;Sans objet;Sans objet;Sans objet;Sans objet;Sans objet;Sans objet;nc;nc;nc
150708;Exonération des gains de cession de valeurs mobilières réalisés dans le cadre d'un plan d'épargne en actions;Impôt sur le revenu;Économie;134;Développement des entreprises et régulations;Sans objet;Sans objet;Sans objet;Sans objet;Sans objet;Sans objet;144;nc;nc
150710;Exonération, sous certaines conditions, des gains nets réalisés lors des cessions à titre onéreux de titres de sociétés de capital-risque (SCR);Impôt sur le revenu;Économie;134;Développement des entreprises et régulations;Sans objet;Sans objet;Sans objet;Sans objet;Sans objet;Sans objet;ε;ε;ε
150712;Exonération temporaire à hauteur de 50 % des gains nets de cession de valeurs mobilières et de droits sociaux détenus à l'étranger par des personnes physiques impatriées;Impôt sur le revenu;Économie;134;Développement des entreprises et régulations;Sans objet;Sans objet;Sans objet;Sans objet;Sans objet;Sans objet;4;3;3
150713;Mécanisme de report d'imposition optionnel de la plus-value de cession à titre onéreux des titres d'organismes de placements collectifs "monétaires" en cas de versement du prix dans un PEA-PME;Impôt sur le revenu;Engagements financiers de l'État;145;Épargne;Sans objet;Sans objet;Sans objet;Sans objet;Sans objet;Sans objet;nc;-;-
150714;Exonération d’impôt sur le revenu des gains de cession de valeurs mobilières réalisés dans le cadre d’un plan d’épargne avenir climat (PEAC);Impôt sur le revenu;Engagements financiers de l'État;145;Épargne;Sans objet;Sans objet;Sans objet;Sans objet;Sans objet;Sans objet;-;création;N/A
160103;Imputation sur le revenu global du déficit provenant des frais de prise de brevet et de maintenance;Impôt sur le revenu;Recherche et enseignement supérieur;192;Recherche et enseignement supérieur en matière économique et industrielle;Sans objet;Sans objet;Sans objet;Sans objet;Sans objet;Sans objet;ε;ε;ε
160201;Exonération des sommes perçues dans le cadre de l'attribution du prix Nobel ou de récompenses internationales de niveau équivalent au prix Nobel dans les domaines littéraire, artistique ou scientifique;Impôt sur le revenu;Culture;131;Création;Sans objet;Sans objet;Sans objet;Sans objet;Sans objet;Sans objet;ε;ε;ε
160204;Exonération d'impôt sur le revenu, à hauteur de 60 jours par an, de la rémunération perçue au titre de la permanence des soins par les médecins ou leurs remplaçants installés dans certaines zones rurales ou urbaines;Impôt sur le revenu;Santé;204;Prévention, sécurité sanitaire et offre de soins;Sans objet;Sans objet;Sans objet;Sans objet;Sans objet;Sans objet;32;28;32
160205;Exonération, dans la limite de 14,5 % d'un plafond révisable chaque année, des sommes perçues par les arbitres et juges sportifs;Impôt sur le revenu;Sport, jeunesse et vie associative;219;Sport;Sans objet;Sans objet;Sans objet;Sans objet;Sans objet;Sans objet;7;7;7
160207;Exonération des sommes perçues à titre de dédommagement par les aidants familiaux dans le cadre de la prestation de compensation handicap;Impôt sur le revenu;Solidarité, insertion et égalité des chances;157;Handicap et dépendance;Sans objet;Sans objet;Sans objet;Sans objet;Sans objet;Sans objet;55;50;55
160301;Déduction forfaitaire au titre du groupe III déclarée par les médecins conventionnés;Impôt sur le revenu;Santé;204;Prévention, sécurité sanitaire et offre de soins;Sans objet;Sans objet;Sans objet;Sans objet;Sans objet;Sans objet;27;15;71
160302;Déduction forfaitaire de 3 % déclarée par les médecins conventionnés;Impôt sur le revenu;Santé;204;Prévention, sécurité sanitaire et offre de soins;Sans objet;Sans objet;Sans objet;Sans objet;Sans objet;Sans objet;7;6;23
160303;Déduction des dépenses exposées par les sportifs en vue de l'obtention d'un diplôme ou d'une qualification pour leur insertion ou conversion professionnelle;Impôt sur le revenu;Sport, jeunesse et vie associative;219;Sport;Sans objet;Sans objet;Sans objet;Sans objet;Sans objet;Sans objet;nc;nc;nc
160406;Abattement de 50 % sur le bénéfice imposable des jeunes artistes de la création plastique;Impôt sur le revenu;Culture;131;Création;Sans objet;Sans objet;Sans objet;Sans objet;Sans objet;Sans objet;1;1;1
170106;Déduction de précaution;Impôt sur le revenu;Agriculture, alimentation, forêt et affaires rurales;149;Compétitivité et durabilité de l'agriculture, de l'agroalimentaire et de la forêt;Sans objet;Sans objet;Sans objet;Sans objet;Sans objet;Sans objet;207;nc;169
170107;Déduction fiscale pour valorisation du cheptel;Impôt sur le revenu;Agriculture, alimentation, forêt et affaires rurales;149;Compétitivité et durabilité de l'agriculture, de l'agroalimentaire et de la forêt;Sans objet;Sans objet;Sans objet;Sans objet;Sans objet;Sans objet;-;création;90
170108;Provision pour augmentation de la valeur des stocks de vaches laitières et allaitantes;Impôt sur le revenu;Agriculture, alimentation, forêt et affaires rurales;149;Compétitivité et durabilité de l'agriculture, de l'agroalimentaire et de la forêt;Sans objet;Sans objet;Sans objet;Sans objet;Sans objet;Sans objet;-;création;-
170201;Abattement sur les bénéfices réalisés par les jeunes agriculteurs;Impôt sur le revenu;Agriculture, alimentation, forêt et affaires rurales;149;Compétitivité et durabilité de l'agriculture, de l'agroalimentaire et de la forêt;Sans objet;Sans objet;Sans objet;Sans objet;Sans objet;Sans objet;72;66;68
170306;Rattachement du revenu exceptionnel d'un exploitant agricole soumis à un régime réel d'imposition par fractions égales, aux résultats de l'exercice de sa réalisation et des six exercices suivants;Impôt sur le revenu;Agriculture, alimentation, forêt et affaires rurales;149;Compétitivité et durabilité de l'agriculture, de l'agroalimentaire et de la forêt;Sans objet;Sans objet;Sans objet;Sans objet;Sans objet;Sans objet;15;nc;nc
170307;Report d'imposition de l'indemnité destinée à couvrir les dommages causés aux récoltes par des évènements climatiques à l'exercice de constatation de cette perte;Impôt sur le revenu;Agriculture, alimentation, forêt et affaires rurales;149;Compétitivité et durabilité de l'agriculture, de l'agroalimentaire et de la forêt;Sans objet;Sans objet;Sans objet;Sans objet;Sans objet;Sans objet;1;1;ε
180102;Exonération accordée sous certaines conditions, aux personnes louant ou sous-louant en meublé, une partie de leur habitation principale jusqu'au 31 décembre 2026;Impôt sur le revenu;Cohésion des territoires;135;Urbanisme, territoires et amélioration de l'habitat;Sans objet;Sans objet;Sans objet;Sans objet;Sans objet;Sans objet;nc;nc;nc
180105;Exonération des produits de la vente d'électricité issue de l'énergie radiative du soleil;Impôt sur le revenu;Écologie, développement et mobilité durables;174;Énergie, climat et après-mines;Sans objet;Sans objet;Sans objet;Sans objet;Sans objet;Sans objet;5;2;5
180309;Imputation sur le revenu global des déficits commerciaux supportés par les loueurs en meublé qui réalisent un montant de recettes annuelles excédant 23 000 € et le montant de leurs autres revenus d'activité;Impôt sur le revenu;Cohésion des territoires;135;Urbanisme, territoires et amélioration de l'habitat;Sans objet;Sans objet;Sans objet;Sans objet;Sans objet;Sans objet;4;4;4
180310;Régime micro-BIC - Abattement supplémentaire de 21% pour les activités de locations meublées touristiques classées, lorsque celles-ci sont situées dans des zones ne se caractérisant pas par un déséquilibre important entre l’offre et la demande de logements et lorsque le chiffre d’affaires tiré de l’activité de location meublée est inférieur à 15 000 €;Impôt sur le revenu;Cohésion des territoires;135;Urbanisme, territoires et amélioration de l'habitat;Sans objet;Sans objet;Sans objet;Sans objet;Sans objet;Sans objet;-;création;nc
190208;Exonération des plus-values professionnelles en cas de cession à titre onéreux d'une entreprise individuelle ou d'une activité par une société de personnes ou en cas de cessation d'un office d'avoué dans le cadre du départ à la retraite du cédant ou de l'associé de la société cédante;Impôt sur le revenu;Économie;134;Développement des entreprises et régulations;Sans objet;Sans objet;Sans objet;Sans objet;Sans objet;Sans objet;110;109;110
190212;Exonérations des indemnités journalières de sécurité sociale servies au titre des maladies "longues et coûteuses";Impôt sur le revenu;Santé;204;Prévention, sécurité sanitaire et offre de soins;Sans objet;Sans objet;Sans objet;Sans objet;Sans objet;Sans objet;39;38;39
200217;Amortissement exceptionnel des bâtiments d'élevage et des matériels et installations destinés au stockage des effluents d'élevage égal à 40% du prix de revient des biens réparti linéairement sur cinq ans;Impôt sur le revenu et impôt sur les sociétés;Agriculture, alimentation, forêt et affaires rurales;149;Compétitivité et durabilité de l'agriculture, de l'agroalimentaire et de la forêt;Sans objet;Sans objet;Sans objet;Sans objet;Sans objet;Sans objet;4;-;-
200302;Crédit d'impôt en faveur de la recherche;Impôt sur le revenu et impôt sur les sociétés;Recherche et enseignement supérieur;172;Recherches scientifiques et technologiques pluridisciplinaires;Sans objet;Sans objet;Sans objet;Sans objet;Sans objet;Sans objet;7251;7651;7858
200307;Application du taux réduit d'imposition aux répartitions d'actifs effectuées par des fonds communs de placement à risques (FCPR) dont le portefeuille est composé de manière prépondérante de titres de sociétés non cotées;Impôt sur le revenu et impôt sur les sociétés;Économie;134;Développement des entreprises et régulations;Sans objet;Sans objet;Sans objet;Sans objet;Sans objet;Sans objet;nc;nc;nc
200310;Crédit d'impôt en faveur de l'innovation;Impôt sur le revenu et impôt sur les sociétés;Recherche et enseignement supérieur;192;Recherche et enseignement supérieur en matière économique et industrielle;Sans objet;Sans objet;Sans objet;Sans objet;Sans objet;Sans objet;320;332;332
200311;Crédit d’impôt en faveur de la recherche collaborative;Impôt sur le revenu et impôt sur les sociétés;Recherche et enseignement supérieur;172;Recherches scientifiques et technologiques pluridisciplinaires;Sans objet;Sans objet;Sans objet;Sans objet;Sans objet;Sans objet;10;146;10
200401;Déduction exceptionnelle de 40% du prix de revient de certains biens limitativement énumérés, pratiquée sur la durée normale d'utilisation du bien;Impôt sur le revenu et impôt sur les sociétés;Économie;134;Développement des entreprises et régulations;Sans objet;Sans objet;Sans objet;Sans objet;Sans objet;Sans objet;349;300;300
200402;Déduction exceptionnelle en faveur des acquisitions de véhicules de 3,5 tonnes et plus fonctionnant exclusivement au gaz naturel, ou au biométhane, ou au carburant ED95, ou au B100, ou au dual fuel de type 1 A;Impôt sur le revenu et impôt sur les sociétés;Écologie, développement et mobilité durables;174;Énergie, climat et après-mines;Sans objet;Sans objet;Sans objet;Sans objet;Sans objet;Sans objet;7;7;9
200403;Déduction exceptionnelle de 40% en faveur des entreprises investissant dans des équipements de réfrigération et de traitement de l’air utilisant des fluides autres que les hydrofluorocarbures (HFC);Impôt sur le revenu et impôt sur les sociétés;Écologie, développement et mobilité durables;174;Énergie, climat et après-mines;Sans objet;Sans objet;Sans objet;Sans objet;Sans objet;Sans objet;5;5;6
210203;Déduction sur cinq ans du prix d’acquisition des œuvres originales d’artistes vivants et d’instruments de musique;Impôt sur le revenu et impôt sur les sociétés;Culture;131;Création;Sans objet;Sans objet;Sans objet;Sans objet;Sans objet;Sans objet;4;5;5
210305;Crédit d'impôt pour investissement en Corse;Impôt sur le revenu et impôt sur les sociétés;Cohésion des territoires;112;Impulsion et coordination de la politique d'aménagement du territoire;Sans objet;Sans objet;Sans objet;Sans objet;Sans objet;Sans objet;80;105;84
210307;Exonération des dons reçus par une entreprise ayant subi un sinistre survenu à la suite d'une catastrophe naturelle ou d'un événement ayant des conséquences dommageables;Impôt sur le revenu et impôt sur les sociétés;Économie;134;Développement des entreprises et régulations;Sans objet;Sans objet;Sans objet;Sans objet;Sans objet;Sans objet;ε;nc;ε
210308;Crédit d'impôt famille;Impôt sur le revenu et impôt sur les sociétés;Solidarité, insertion et égalité des chances;304;Inclusion sociale et protection des personnes;Solidarité, insertion et égalité des chances;137;Égalité entre les femmes et les hommes;Sans objet;Sans objet;Sans objet;185;195;202
210309;Réduction d'impôt au titre des dons faits par les entreprises à des oeuvres ou organismes d'intérêt général;Impôt sur le revenu et impôt sur les sociétés;Sport, jeunesse et vie associative;163;Jeunesse et vie associative;Recherche et enseignement supérieur;150;Formations supérieures et recherche universitaire;Sans objet;Sans objet;Sans objet;1458;1507;1727
210313;Crédits d'impôt "Prêt à taux zéro" et "Prêt à taux zéro renforcé PTZ+";Impôt sur le revenu et impôt sur les sociétés;Cohésion des territoires;135;Urbanisme, territoires et amélioration de l'habitat;Sans objet;Sans objet;Sans objet;Sans objet;Sans objet;Sans objet;703;756;593
210315;Crédit d'impôt au titre des dépenses engagées pour la formation du chef d'entreprise;Impôt sur le revenu et impôt sur les sociétés;Travail et emploi;103;Accompagnement des mutations économiques et développement de l'emploi;Sans objet;Sans objet;Sans objet;Sans objet;Sans objet;Sans objet;81;79;98
210316;Crédit d'impôt en faveur des entreprises agricoles utilisant le mode de production biologique;Impôt sur le revenu et impôt sur les sociétés;Agriculture, alimentation, forêt et affaires rurales;149;Compétitivité et durabilité de l'agriculture, de l'agroalimentaire et de la forêt;Sans objet;Sans objet;Sans objet;Sans objet;Sans objet;Sans objet;105;161;142
210318;Crédit d'impôt en faveur des métiers d'art;Impôt sur le revenu et impôt sur les sociétés;Culture;131;Création;Sans objet;Sans objet;Sans objet;Sans objet;Sans objet;Sans objet;54;59;62
210321;Crédit d'impôt "Eco prêt à taux zéro";Impôt sur le revenu et impôt sur les sociétés;Cohésion des territoires;135;Urbanisme, territoires et amélioration de l'habitat;Sans objet;Sans objet;Sans objet;Sans objet;Sans objet;Sans objet;45;119;102
210322;Abattement applicable aux bénéfices des entreprises provenant d'exploitations situées dans les départements d'outre-mer;Impôt sur le revenu et impôt sur les sociétés;Outre-mer;138;Emploi outre-mer;Sans objet;Sans objet;Sans objet;Sans objet;Sans objet;Sans objet;106;94;110
210324;Crédit d'impôt en faveur de la compétitivité et de l'emploi;Impôt sur le revenu et impôt sur les sociétés;Économie;134;Développement des entreprises et régulations;Sans objet;Sans objet;Sans objet;Sans objet;Sans objet;Sans objet;1012;309;120
210325;Crédit d'impôt à raison des investissements productifs réalisés dans les départements d'outre-mer;Impôt sur le revenu et impôt sur les sociétés;Outre-mer;123;Conditions de vie outre-mer;Sans objet;Sans objet;Sans objet;Sans objet;Sans objet;Sans objet;327;nc;323
210326;Taxation au taux de 10% des revenus issus de certains actifs de propriété industrielle;Impôt sur le revenu et impôt sur les sociétés;Économie;134;Développement des entreprises et régulations;Sans objet;Sans objet;Sans objet;Sans objet;Sans objet;Sans objet;1045;nc;1208
210327;Exonération des aides reçues par les lauréats du concours "French Tech Tremplin";Impôt sur le revenu et impôt sur les sociétés;Économie;134;Développement des entreprises et régulations;Sans objet;Sans objet;Sans objet;Sans objet;Sans objet;Sans objet;1;N/A;N/A
210328;Crédit d’impôt au titre des dépenses engagées par les PME pour la rénovation énergétique de leurs bâtiments à usage tertiaire;Impôt sur le revenu et impôt sur les sociétés;Économie;134;Développement des entreprises et régulations;Sans objet;Sans objet;Sans objet;Sans objet;Sans objet;Sans objet;-;5;5
210329;Crédit d’impôt en faveur des entreprises agricoles qui n’utilisent pas de produits phytopharmaceutiques contenant la substance active du glyphosate au cours des années 2021 à 2023;Impôt sur le revenu et impôt sur les sociétés;Agriculture, alimentation, forêt et affaires rurales;149;Compétitivité et durabilité de l'agriculture, de l'agroalimentaire et de la forêt;Sans objet;Sans objet;Sans objet;Sans objet;Sans objet;Sans objet;135;139;175
210330;Crédit d’impôt en faveur des entreprises agricoles disposant d’une certification d’exploitation à haute valeur environnementale en cours de validité au 31 décembre 2021 ou délivrée au cours de l’une des années 2022, 2023 ou 2024;Impôt sur le revenu et impôt sur les sociétés;Agriculture, alimentation, forêt et affaires rurales;149;Compétitivité et durabilité de l'agriculture, de l'agroalimentaire et de la forêt;Sans objet;Sans objet;Sans objet;Sans objet;Sans objet;Sans objet;42;42;18
210331;Réduction d’impôt « Prêt à taux zéro » pour l’acquisition de véhicules légers peu polluants;Impôt sur le revenu et impôt sur les sociétés;Écologie, développement et mobilité durables;174;Énergie, climat et après-mines;Sans objet;Sans objet;Sans objet;Sans objet;Sans objet;Sans objet;-;13;ε
210332;Faculté temporaire de déduction fiscale de l’amortissement du fonds commercial;Impôt sur le revenu et impôt sur les sociétés;Économie;134;Développement des entreprises et régulations;Sans objet;Sans objet;Sans objet;Sans objet;Sans objet;Sans objet;7;nc;9
210333;Crédit d'impôt au titre des investissements dans l'industrie verte (C3IV);Impôt sur le revenu et impôt sur les sociétés;Économie;134;Développement des entreprises et régulations;Sans objet;Sans objet;Sans objet;Sans objet;Sans objet;Sans objet;-;N/A;N/A
210334;Crédit d'impôt au titre des prêts avance mutation ne portant pas intérêt;Impôt sur le revenu et impôt sur les sociétés;Cohésion des territoires;135;Urbanisme, territoires et amélioration de l'habitat;Sans objet;Sans objet;Sans objet;Sans objet;Sans objet;Sans objet;-;création;N/A
220102;Exonération du bénéfice réalisé par les entreprises qui exercent une activité dans une zone urbaine de 3e génération ou qui créent une activité dans une zone franche urbaine-territoire entrepreneur (ZFU-TE) entre le 1er janvier 2006 et le 31 décembre 2024;Impôt sur le revenu et impôt sur les sociétés;Cohésion des territoires;147;Politique de la ville;Sans objet;Sans objet;Sans objet;Sans objet;Sans objet;Sans objet;120;118;102
220104;Exonération d’impôt sur les bénéfices pour les entreprises créées ou reprises dans les ZRR;Impôt sur le revenu et impôt sur les sociétés;Cohésion des territoires;112;Impulsion et coordination de la politique d'aménagement du territoire;Sans objet;Sans objet;Sans objet;Sans objet;Sans objet;Sans objet;350;335;354
220107;Exonération des aides versées par le fonds de solidarité institué par l'ordonnance n° 2020-317 du 25 mars 2020, d’impôt sur le revenu, d’impôt sur les sociétés et de toutes les contributions et cotisations sociales d'origine légale ou conventionnelle;Impôt sur le revenu et impôt sur les sociétés;Économie;134;Développement des entreprises et régulations;Sans objet;Sans objet;Sans objet;Sans objet;Sans objet;Sans objet;5;-;-
220108;Exonération de l’aide aux entreprises particulièrement touchées par les conséquences économiques résultant de la situation hydrique de Mayotte;Impôt sur le revenu et impôt sur les sociétés;Économie;134;Développement des entreprises et régulations;Sans objet;Sans objet;Sans objet;Sans objet;Sans objet;Sans objet;1;création;ε
220109;Exonération d’impôt sur les bénéfices pour les entreprises créées ou reprises dans les zones France Ruralités Revitalisation (FRR);Impôt sur le revenu et impôt sur les sociétés;Cohésion des territoires;112;Impulsion et coordination de la politique d'aménagement du territoire;Sans objet;Sans objet;Sans objet;Sans objet;Sans objet;Sans objet;-;création;-
230101;Déduction des versements à fonds perdus effectués en faveur de certains organismes de construction;Impôt sur le revenu et impôt sur les sociétés;Cohésion des territoires;135;Urbanisme, territoires et amélioration de l'habitat;Sans objet;Sans objet;Sans objet;Sans objet;Sans objet;Sans objet;nc;nc;nc
230102;Déduction exceptionnelle en faveur de l’investissement des PME dans la robotique et la digitalisation industrielles;Impôt sur le revenu et impôt sur les sociétés;Économie;134;Développement des entreprises et régulations;Sans objet;Sans objet;Sans objet;Sans objet;Sans objet;Sans objet;5;6;4
230103;Déduction exceptionnelle en faveur des navires, bateaux ou équipements répondant à des enjeux écologiques;Impôt sur le revenu et impôt sur les sociétés;Écologie, développement et mobilité durables;205;Affaires maritimes, pêche et aquaculture;Sans objet;Sans objet;Sans objet;Sans objet;Sans objet;Sans objet;ε;ε;ε
230104;Déduction exceptionnelle en faveur des simulateurs d'apprentissage de la conduite;Impôt sur le revenu et impôt sur les sociétés;Économie;134;Développement des entreprises et régulations;Sans objet;Sans objet;Sans objet;Sans objet;Sans objet;Sans objet;ε;ε;ε
230105;Déduction exceptionnelle en faveur de l’investissement des entreprises utilisatrices d’engins fonctionnant au GNR dans l’acquisition de matériels fonctionnant avec des carburants alternatifs;Impôt sur le revenu et impôt sur les sociétés;Économie;134;Développement des entreprises et régulations;Sans objet;Sans objet;Sans objet;Sans objet;Sans objet;Sans objet;3;2;4
230106;Déduction exceptionnelle en faveur de l’investissement des PME de commerce de détail de gazole non routier dans des installations de stockage, matériels de manutention et de distribution de gazole;Impôt sur le revenu et impôt sur les sociétés;Économie;134;Développement des entreprises et régulations;Sans objet;Sans objet;Sans objet;Sans objet;Sans objet;Sans objet;ε;ε;ε
230303;Majoration de la base de calcul des amortissements des immobilisations acquises au moyen de primes de développement régional, de développement artisanal ou d'aménagement du territoire;Impôt sur le revenu et impôt sur les sociétés;Cohésion des territoires;112;Impulsion et coordination de la politique d'aménagement du territoire;Sans objet;Sans objet;Sans objet;Sans objet;Sans objet;Sans objet;1;1;1
230403;Déduction spéciale prévue en faveur des entreprises de presse;Impôt sur le revenu et impôt sur les sociétés;Médias, livre et industries culturelles;180;Presse et médias;Sans objet;Sans objet;Sans objet;Sans objet;Sans objet;Sans objet;N/A;nc;N/A
230409;Provision pour investissement des sommes excédant l'obligation légale de la participation et portées à la réserve spéciale de participation;Impôt sur le revenu et impôt sur les sociétés;Économie;134;Développement des entreprises et régulations;Sans objet;Sans objet;Sans objet;Sans objet;Sans objet;Sans objet;4;4;4
230410;Provision pour charges exceptionnelles ou pour risques afférents aux opérations d'assurance crédit des entreprises d'assurance et de réassurance (dont provisions pour égalisation et provisions des captives de réassurance);Impôt sur le revenu et impôt sur les sociétés;Économie;134;Développement des entreprises et régulations;Sans objet;Sans objet;Sans objet;Sans objet;Sans objet;Sans objet;nc;15;nc
230411;Provision pour risque d’intervention du fonds de garantie des dépôts et de résolution;Impôt sur le revenu et impôt sur les sociétés;Économie;305;Stratégies économiques;Sans objet;Sans objet;Sans objet;Sans objet;Sans objet;Sans objet;46;nc;60
230510;Exonération des plus-values de cession de bateaux affectés au transport fluvial de marchandises;Impôt sur le revenu et impôt sur les sociétés;Écologie, développement et mobilité durables;203;Infrastructures et services de transports;Sans objet;Sans objet;Sans objet;Sans objet;Sans objet;Sans objet;ε;ε;ε
230601;Application du taux réduit d'imposition aux distributions d'actifs effectués, directement ou indirectement, par certaines sociétés de capital-risque;Impôt sur le revenu et impôt sur les sociétés;Économie;134;Développement des entreprises et régulations;Sans objet;Sans objet;Sans objet;Sans objet;Sans objet;Sans objet;nc;nc;nc
230602;Exonération totale ou partielle des bénéfices réalisés par les entreprises nouvelles qui se créent dans les zones d’aide à finalité régionale (ZAFR) ou qui sont créées entre le 1er janvier 1995 et le 31 décembre 2010 dans les zones de revitalisation rurale (ZRR) et de redynamisation urbaine (ZRU);Impôt sur le revenu et impôt sur les sociétés;Cohésion des territoires;112;Impulsion et coordination de la politique d'aménagement du territoire;Sans objet;Sans objet;Sans objet;Sans objet;Sans objet;Sans objet;66;67;56
230604;Exonération totale ou partielle des bénéfices réalisés par les jeunes entreprises innovantes et les jeunes entreprises universitaires (existantes au 1er janvier 2004 ou créées entre le 1er janvier 2004 et le 31 décembre 2023);Impôt sur le revenu et impôt sur les sociétés;Recherche et enseignement supérieur;192;Recherche et enseignement supérieur en matière économique et industrielle;Sans objet;Sans objet;Sans objet;Sans objet;Sans objet;Sans objet;12;12;10
230605;Exonération du bénéfice réalisé par les entreprises créées en zones de restructuration de la défense (ZRD);Impôt sur le revenu et impôt sur les sociétés;Défense;212;Soutien de la politique de la défense;Sans objet;Sans objet;Sans objet;Sans objet;Sans objet;Sans objet;2;2;2
230606;Exonération d’impôt sur les bénéfices pour les entreprises qui exercent ou créent une activité dans les bassins d’emploi à redynamiser (BER);Impôt sur le revenu et impôt sur les sociétés;Cohésion des territoires;112;Impulsion et coordination de la politique d'aménagement du territoire;Économie;134;Développement des entreprises et régulations;Sans objet;Sans objet;Sans objet;5;5;5
230607;Exonération des bénéfices réalisés en France et des revenus de source française perçus par des organismes chargés de l'organisation en France d'une compétition sportive internationale et de leurs filiales, directement liés à l'organisation de la compétition sportive internationale.;Impôt sur le revenu et impôt sur les sociétés;Sport, jeunesse et vie associative;219;Sport;Sans objet;Sans objet;Sans objet;Sans objet;Sans objet;Sans objet;18;nc;2
230608;Exonération d’impôt sur les bénéfices pour les entreprises créées dans les bassins urbains à dynamiser (BUD);Impôt sur le revenu et impôt sur les sociétés;Écologie, développement et mobilité durables;174;Énergie, climat et après-mines;Sans objet;Sans objet;Sans objet;Sans objet;Sans objet;Sans objet;2;2;3
230609;Exonération d’impôt sur les bénéfices pour les entreprises créées dans les zones de développement prioritaire (ZDP);Impôt sur le revenu et impôt sur les sociétés;Cohésion des territoires;112;Impulsion et coordination de la politique d'aménagement du territoire;Sans objet;Sans objet;Sans objet;Sans objet;Sans objet;Sans objet;1;1;1
300101;Exonération sous certaines conditions : - des coopératives agricoles et de leurs unions , - des coopératives artisanales et de leurs unions , - des coopératives d'entreprises de transport , - des coopératives artisanales de transport fluvial , - des coopératives maritimes et de leurs unions;Impôt sur les sociétés;Agriculture, alimentation, forêt et affaires rurales;149;Compétitivité et durabilité de l'agriculture, de l'agroalimentaire et de la forêt;Écologie, développement et mobilité durables;205;Affaires maritimes, pêche et aquaculture;Sans objet;Sans objet;Sans objet;168;167;191
300102;Exonération des organismes d'HLM et des offices publics d'aménagement et de construction (OPAC);Impôt sur les sociétés;Cohésion des territoires;135;Urbanisme, territoires et amélioration de l'habitat;Sans objet;Sans objet;Sans objet;Sans objet;Sans objet;Sans objet;750;800;400
300106;Exonération des sociétés immobilières pour le commerce et l'industrie et des sociétés agréées pour le financement des télécommunications;Impôt sur les sociétés;Écologie, développement et mobilité durables;174;Énergie, climat et après-mines;Sans objet;Sans objet;Sans objet;Sans objet;Sans objet;Sans objet;ε;ε;ε
300109;Exonération des syndicats professionnels et de leurs unions pour leurs activités portant sur l'étude et la défense des droits et des intérêts collectifs matériels ou moraux de leurs membres ou des personnes qu'ils représentent;Impôt sur les sociétés;Travail et emploi;111;Amélioration de la qualité de l'emploi et des relations du travail;Sans objet;Sans objet;Sans objet;Sans objet;Sans objet;Sans objet;ε;ε;ε
300110;Exonération des unions d'économie sociale;Impôt sur les sociétés;Cohésion des territoires;135;Urbanisme, territoires et amélioration de l'habitat;Sans objet;Sans objet;Sans objet;Sans objet;Sans objet;Sans objet;11;8;11
300111;Exonération des bénéfices réalisés par les sociétés créées pour reprendre une entreprise ou des établissements industriels en difficulté;Impôt sur les sociétés;Économie;134;Développement des entreprises et régulations;Sans objet;Sans objet;Sans objet;Sans objet;Sans objet;Sans objet;2;-;-
300201;Exonération des revenus patrimoniaux des établissements publics scientifiques, d'enseignement et d'assistance pour leurs revenus fonciers agricoles et mobiliers;Impôt sur les sociétés;Recherche et enseignement supérieur;142;Enseignement supérieur et recherche agricoles;Sans objet;Sans objet;Sans objet;Sans objet;Sans objet;Sans objet;nc;nc;nc
300203;Exonération des sociétés de capital-risque (SCR);Impôt sur les sociétés;Économie;134;Développement des entreprises et régulations;Sans objet;Sans objet;Sans objet;Sans objet;Sans objet;Sans objet;245;nc;98
300204;Exonération d'impôt sur les sociétés de la valeur nette de l'avantage en nature consenti par les personnes morales qui ont pour objet de transférer gratuitement à leurs membres la jouissance d'un bien meuble ou immeuble;Impôt sur les sociétés;Économie;134;Développement des entreprises et régulations;Sans objet;Sans objet;Sans objet;Sans objet;Sans objet;Sans objet;nc;nc;nc
300206;Exonérations des produits retirés par les sociétés d'investissements immobiliers cotées, ainsi que par leurs filiales ou des filiales de sociétés de placement à prépondérance immobilière à capital variable ou des filiales conjointes de ces dernières sociétés, et provenant de la location d'immeubles, de la sous-location des immeubles pris en crédit bail ou dont la jouissance a été conférée à titre temporaire par l'Etat, une collectivité territoriale ou leurs établissements publics, de certains droits réels immobiliers et de certaines plus-values de cession;Impôt sur les sociétés;Économie;134;Développement des entreprises et régulations;Sans objet;Sans objet;Sans objet;Sans objet;Sans objet;Sans objet;814;nc;485
300208;Exonération des établissements publics de recherche, des établissements publics d'enseignement supérieur, des personnes morales créées pour la gestion d'un pôle de recherche et d'enseignement supérieur et des fondations d'utilité publique du secteur de la recherche pour leurs revenus tirés d'activités relevant d'une mission de service public;Impôt sur les sociétés;Recherche et enseignement supérieur;172;Recherches scientifiques et technologiques pluridisciplinaires;Sans objet;Sans objet;Sans objet;Sans objet;Sans objet;Sans objet;nc;nc;nc
300209;Exonération des droits d'adhésion perçus par les sociétés d'assurance mutuelles;Impôt sur les sociétés;Engagements financiers de l'État;145;Épargne;Sans objet;Sans objet;Sans objet;Sans objet;Sans objet;Sans objet;3;6;3
300210;Exonération des sociétés de placement à prépondérance immobilière à capital variable (SPPICAV);Impôt sur les sociétés;Engagements financiers de l'État;145;Épargne;Sans objet;Sans objet;Sans objet;Sans objet;Sans objet;Sans objet;525;520;600
300211;Exonération en matière d'impôt sur les sociétés des revenus patrimoniaux perçus par les fondations reconnues d'utilité publique et les fonds de dotation au titre des activités non lucratives;Impôt sur les sociétés;Sport, jeunesse et vie associative;163;Jeunesse et vie associative;Sans objet;Sans objet;Sans objet;Sans objet;Sans objet;Sans objet;132;126;132
300303;Exonération, sur agrément, des bénéfices réinvestis dans l'entreprise pour les sociétés de recherche et d'exploitation minière dans les départements d'outre-mer;Impôt sur les sociétés;Outre-mer;138;Emploi outre-mer;Sans objet;Sans objet;Sans objet;Sans objet;Sans objet;Sans objet;1;1;1
310206;Amortissement exceptionnel sur cinq ans des investissements réalisés dans les petites et moyennes entreprises innovantes;Impôt sur les sociétés;Recherche et enseignement supérieur;192;Recherche et enseignement supérieur en matière économique et industrielle;Sans objet;Sans objet;Sans objet;Sans objet;Sans objet;Sans objet;1;1;1
320105;Taxation à taux réduit de certains revenus mobiliers perçus par des organismes sans but lucratif;Impôt sur les sociétés;Sport, jeunesse et vie associative;163;Jeunesse et vie associative;Cohésion des territoires;177;Hébergement, parcours vers le logement et insertion des personnes vulnérables;Sans objet;Sans objet;Sans objet;55;51;56
320113;Déduction des investissements productifs réalisés dans les départements et collectivités d'outre-mer et des souscriptions au capital de sociétés qui réalisent de tels investissements;Impôt sur les sociétés;Outre-mer;123;Conditions de vie outre-mer;Sans objet;Sans objet;Sans objet;Sans objet;Sans objet;Sans objet;19;17;15
320115;Non-assujettissement à l'impôt sur les sociétés des résultats des activités des associations conventionnées (art. L. 5132-7 du code du travail) et des associations de services aux personnes agréées (art. L. 7232-1 du code du travail) ou autorisées (art. L. 313-1 du code de l'action sociale et des familles) et taxation au taux réduit des revenus de leur patrimoine foncier, agricole et mobilier;Impôt sur les sociétés;Travail et emploi;103;Accompagnement des mutations économiques et développement de l'emploi;Solidarité, insertion et égalité des chances;157;Handicap et dépendance;Sans objet;Sans objet;Sans objet;21;24;21
320116;Franchise d'impôt sur les sociétés pour les activités lucratives accessoires de certains organismes sans but lucratif lorsque les recettes correspondantes n'excèdent pas une limite indexée, chaque année, sur la prévision de l'indice des prix à la consommation, hors tabac, retenue dans le projet de loi de finances;Impôt sur les sociétés;Sport, jeunesse et vie associative;163;Jeunesse et vie associative;Cohésion des territoires;177;Hébergement, parcours vers le logement et insertion des personnes vulnérables;Sans objet;Sans objet;Sans objet;nc;nc;nc
320118;Réduction d'impôt sur les sociétés pour les entreprises ayant effectué des versements en faveur de l'achat de Trésors Nationaux et autres biens culturels spécifiques;Impôt sur les sociétés;Culture;175;Patrimoines;Sans objet;Sans objet;Sans objet;Sans objet;Sans objet;Sans objet;45;N/A;1
320119;Détermination du résultat imposable des entreprises de transport maritime en fonction du tonnage de leurs navires;Impôt sur les sociétés;Écologie, développement et mobilité durables;205;Affaires maritimes, pêche et aquaculture;Sans objet;Sans objet;Sans objet;Sans objet;Sans objet;Sans objet;5615;1100;615
320121;Crédit d'impôt pour dépenses de production d'oeuvres cinématographiques;Impôt sur les sociétés;Médias, livre et industries culturelles;334;Livre et industries culturelles;Culture;131;Création;Sans objet;Sans objet;Sans objet;109;132;152
320122;Déduction pour les groupements d'employeurs des sommes inscrites à un compte d'affectation spéciale et destinées à couvrir leur responsabilité solidaire pour le paiement des dettes salariales;Impôt sur les sociétés;Agriculture, alimentation, forêt et affaires rurales;149;Compétitivité et durabilité de l'agriculture, de l'agroalimentaire et de la forêt;Sans objet;Sans objet;Sans objet;Sans objet;Sans objet;Sans objet;ε;8;ε
320128;Crédit d'impôt pour la production phonographique;Impôt sur les sociétés;Médias, livre et industries culturelles;334;Livre et industries culturelles;Sans objet;Sans objet;Sans objet;Sans objet;Sans objet;Sans objet;26;27;31
320129;Crédit d'impôt pour dépenses de production d'oeuvres audiovisuelles;Impôt sur les sociétés;Médias, livre et industries culturelles;334;Livre et industries culturelles;Culture;131;Création;Sans objet;Sans objet;Sans objet;170;190;224
320131;Réduction d’impôt pour souscription au capital des sociétés de presse;Impôt sur les sociétés;Médias, livre et industries culturelles;180;Presse et médias;Sans objet;Sans objet;Sans objet;Sans objet;Sans objet;Sans objet;ε;ε;ε
320134;Crédit d'impôt pour le rachat des entreprises par les salariés;Impôt sur les sociétés;Économie;134;Développement des entreprises et régulations;Sans objet;Sans objet;Sans objet;Sans objet;Sans objet;Sans objet;ε;1;-
320135;Crédit d'impôt pour les entreprises de création de jeux vidéos;Impôt sur les sociétés;Économie;134;Développement des entreprises et régulations;Culture;131;Création;Sans objet;Sans objet;Sans objet;37;60;66
320136;Crédit d’impôt à raison des investissements effectués dans le secteur du logement social dans les départements d’outre-mer;Impôt sur les sociétés;Outre-mer;123;Conditions de vie outre-mer;Sans objet;Sans objet;Sans objet;Sans objet;Sans objet;Sans objet;182;192;182
320138;Déduction de la part des excédents mis en réserves impartageables par les sociétés coopératives d'intérêt collectif;Impôt sur les sociétés;Économie;134;Développement des entreprises et régulations;Sans objet;Sans objet;Sans objet;Sans objet;Sans objet;Sans objet;ε;1;ε
320140;Crédit d'impôt pour dépenses de production exécutive d'œuvres cinématographiques et audiovisuelles étrangères;Impôt sur les sociétés;Médias, livre et industries culturelles;334;Livre et industries culturelles;Sans objet;Sans objet;Sans objet;Sans objet;Sans objet;Sans objet;193;205;210
320141;Imposition au taux réduit de 19 % des plus-values de cession de locaux professionnels ou de terrains à bâtir, situés dans les zones les plus tendues, au profit d’une personne morale, sous réserve que le cessionnaire s’engage à transformer ces immeubles en locaux dont la surface d’habitation représente au moins 75% ou à y construire de tels locaux dans un délai de 4 ans, ou un délai de 6 ans s’agissant des programmes immobiliers les plus importants. Une prolongation de ce délai, n’excédant pas une année et renouvelable une fois, peut être accordée sur demande de l’acquéreur;Impôt sur les sociétés;Économie;134;Développement des entreprises et régulations;Sans objet;Sans objet;Sans objet;Sans objet;Sans objet;Sans objet;10;10;10
320142;Crédit d'impôt pour dépenses de production de spectacles vivants;Impôt sur les sociétés;Culture;131;Création;Sans objet;Sans objet;Sans objet;Sans objet;Sans objet;Sans objet;34;17;42
320143;Réduction d'impôt pour mise à disposition d'une flotte de vélos;Impôt sur les sociétés;Écologie, développement et mobilité durables;203;Infrastructures et services de transports;Sans objet;Sans objet;Sans objet;Sans objet;Sans objet;Sans objet;2;2;2
320144;Crédit d'impôt pour dépenses de création audiovisuelle et cinématographique, redevances versées aux organismes de gestion collective et rémunérations versées directement aux auteurs;Impôt sur les sociétés;Médias, livre et industries culturelles;334;Livre et industries culturelles;Sans objet;Sans objet;Sans objet;Sans objet;Sans objet;Sans objet;1;-;-
320145;Crédit d'impôt en faveur des représentations théâtrales d'œuvres dramatiques ou de cirques;Impôt sur les sociétés;Culture;131;Création;Sans objet;Sans objet;Sans objet;Sans objet;Sans objet;Sans objet;2;ε;2
320146;Réduction d’impôt sur les sociétés à raison des investissements productifs neufs et des investissements dans le secteur du logement intermédiaire et social réalisés dans les collectivités d’outre-mer et en Nouvelle-Calédonie;Impôt sur les sociétés;Outre-mer;123;Conditions de vie outre-mer;Sans objet;Sans objet;Sans objet;Sans objet;Sans objet;Sans objet;6;nc;6
320147;Créance à l’impôt sur les sociétés en faveur des investisseurs institutionnels qui détiennent des logements locatifs intermédiaires;Impôt sur les sociétés;Cohésion des territoires;135;Urbanisme, territoires et amélioration de l'habitat;Sans objet;Sans objet;Sans objet;Sans objet;Sans objet;Sans objet;-;-;-
320148;Crédit d’impôt pour dépenses d’édition d’œuvres musicales;Impôt sur les sociétés;Médias, livre et industries culturelles;334;Livre et industries culturelles;Sans objet;Sans objet;Sans objet;Sans objet;Sans objet;Sans objet;ε;6;1
430101;Exonération des retenues à la source prévues aux c et b du I de l'article 182 B du CGI et à l'article 119 bis du CGI à raison des bénéfices réalisés en France et des revenus de source française perçus par des organismes chargés de l'organisation en France d'une compétition sportive internationale et de leurs filiales, directement liés à l'organisation de la compétition sportive internationale;Autres impôts directs;Sport, jeunesse et vie associative;219;Sport;Sans objet;Sans objet;Sans objet;Sans objet;Sans objet;Sans objet;1;1;1
440101;Exonération des immeubles affectés à l'activité professionnelle principale du redevable ou à l’activité opérationnelle de l’entreprise dans laquelle le redevable exerce son activité professionnelle principale;Autres impôts directs;Économie;134;Développement des entreprises et régulations;Sans objet;Sans objet;Sans objet;Sans objet;Sans objet;Sans objet;nc;nc;nc
440102;Exonération partielle des bois et forêts, des parts de groupement forestier, des biens ruraux loués par bail à long terme et des parts de GFA;Autres impôts directs;Agriculture, alimentation, forêt et affaires rurales;149;Compétitivité et durabilité de l'agriculture, de l'agroalimentaire et de la forêt;Sans objet;Sans objet;Sans objet;Sans objet;Sans objet;Sans objet;44;48;46
440103;Limitation de l'imposition à l'IFI à raison des seuls biens situés en France des personnes qui n'ont pas été fiscalement domiciliées en France au cours des cinq années civiles précédant celle au cours de laquelle elles ont élu domicile en France;Autres impôts directs;Économie;134;Développement des entreprises et régulations;Sans objet;Sans objet;Sans objet;Sans objet;Sans objet;Sans objet;8;9;8
440104;Exonération en faveur des petits porteurs détenant moins de 5% du capital ou des droits de vote d'une société d'investissements immobiliers cotée (SIIC);Autres impôts directs;Économie;134;Développement des entreprises et régulations;Sans objet;Sans objet;Sans objet;Sans objet;Sans objet;Sans objet;nc;nc;nc
440201;Réduction d'impôt au titre de certains dons;Autres impôts directs;Sport, jeunesse et vie associative;163;Jeunesse et vie associative;Recherche et enseignement supérieur;150;Formations supérieures et recherche universitaire;Sans objet;Sans objet;Sans objet;141;147;151
500101;Exonération de droits d'enregistrement et de timbre des sociétés coopératives agricoles de céréales, d'insémination artificielle et d'utilisation de matériel agricole;Droits d'enregistrement et de timbre;Agriculture, alimentation, forêt et affaires rurales;149;Compétitivité et durabilité de l'agriculture, de l'agroalimentaire et de la forêt;Sans objet;Sans objet;Sans objet;Sans objet;Sans objet;Sans objet;nc;nc;nc
500102;Réduction de 50 % des tarifs des droits d'enregistrement et de timbre en Guyane;Droits d'enregistrement et de timbre;Outre-mer;123;Conditions de vie outre-mer;Sans objet;Sans objet;Sans objet;Sans objet;Sans objet;Sans objet;8;7;7
510101;Exonération des mutations à titre gratuit ou onéreux portant sur des oeuvres d'art, livres, objets de collection ou documents de haute valeur artistique ou historique et agréés, dont le nouveau propriétaire fait don à l'Etat;Droits d'enregistrement et de timbre;Culture;175;Patrimoines;Sans objet;Sans objet;Sans objet;Sans objet;Sans objet;Sans objet;N/A;N/A;N/A
520104;Exonération des mutations en faveur de certaines collectivités locales, de certains organismes, établissements publics ou d'utilité publique, ou de personnes morales ou d'organismes étrangers situés dans un Etat membre de l'Union européenne ou partie à l'Espace économique européen dont les objectifs et caractéristiques sont similaires;Droits d'enregistrement et de timbre;Sport, jeunesse et vie associative;163;Jeunesse et vie associative;Cohésion des territoires;177;Hébergement, parcours vers le logement et insertion des personnes vulnérables;Sans objet;Sans objet;Sans objet;nc;nc;nc
520105;Exonération des monuments historiques classés ou inscrits et des parts de SCI familiales détenant des biens de cette nature;Droits d'enregistrement et de timbre;Culture;175;Patrimoines;Sans objet;Sans objet;Sans objet;Sans objet;Sans objet;Sans objet;1;1;1
520107;Exonération sous certaines conditions et dans certaines limites des immeubles neufs acquis entre le 1er juin 1993 et le 31 décembre 1994 ou entre le 1er août et le 31 décembre 1995, et des immeubles anciens acquis entre le 1er août 1995 et le 31 décembre 1996;Droits d'enregistrement et de timbre;Cohésion des territoires;135;Urbanisme, territoires et amélioration de l'habitat;Sans objet;Sans objet;Sans objet;Sans objet;Sans objet;Sans objet;nc;nc;nc
520108;Exonération de droits de mutation pour les successions des victimes d'opérations militaires ou d'actes de terrorisme;Droits d'enregistrement et de timbre;Anciens combattants, mémoire et liens avec la Nation;169;Reconnaissance et réparation en faveur du monde combattant, mémoire et liens avec la Nation;Sans objet;Sans objet;Sans objet;Sans objet;Sans objet;Sans objet;nc;nc;nc
520109;Exonération partielle de droits de mutation des bois et forêts, des sommes déposées sur un compte d'investissement forestier et d'assurance (CIFA), des parts d'intérêts détenues dans un groupement forestier, des biens ruraux loués par bail à long terme, des parts de GFA et de la fraction des parts de groupements forestiers ruraux représentative de biens de nature forestière et celle représentative de biens de nature agricole;Droits d'enregistrement et de timbre;Agriculture, alimentation, forêt et affaires rurales;149;Compétitivité et durabilité de l'agriculture, de l'agroalimentaire et de la forêt;Sans objet;Sans objet;Sans objet;Sans objet;Sans objet;Sans objet;50;50;50
520110;Exonération partielle, sous certaines conditions, de droits de mutation à titre gratuit lors de la transmission d'entreprises exploitées sous la forme individuelle ou détenues sous forme sociale;Droits d'enregistrement et de timbre;Économie;134;Développement des entreprises et régulations;Sans objet;Sans objet;Sans objet;Sans objet;Sans objet;Sans objet;800;500;800
520111;Exonération des dons et legs consentis à des associations d'utilité publique de protection de l'environnement et de défense des animaux;Droits d'enregistrement et de timbre;Écologie, développement et mobilité durables;217;Conduite et pilotage des politiques de l'écologie, du développement et de la mobilité durables;Sans objet;Sans objet;Sans objet;Sans objet;Sans objet;Sans objet;1;1;1
520112;Exonération temporaire des mutations par décès portant sur des immeubles et des droits immobiliers situés en Corse;Droits d'enregistrement et de timbre;Cohésion des territoires;112;Impulsion et coordination de la politique d'aménagement du territoire;Sans objet;Sans objet;Sans objet;Sans objet;Sans objet;Sans objet;20;20;20
520114;Abattement sur la part nette de l'héritier à concurrence du montant des dons effectués au profit de fondations, de certaines associations, de certains organismes reconnus d'utilité publique, des organismes mentionnés à l'article 794 du C.G.I., de l'Etat et de ses établissements publics;Droits d'enregistrement et de timbre;Sport, jeunesse et vie associative;163;Jeunesse et vie associative;Cohésion des territoires;177;Hébergement, parcours vers le logement et insertion des personnes vulnérables;Sans objet;Sans objet;Sans objet;1;1;1
520116;Exonération de droits de mutation des successions des sapeurs-pompiers décédés en opération de secours et des personnes décédées dans l’exercice de missions de sécurité civile;Droits d'enregistrement et de timbre;Sécurités;161;Sécurité civile;Sans objet;Sans objet;Sans objet;Sans objet;Sans objet;Sans objet;ε;ε;ε
520118;Exonération, sous certaines conditions, de droits de mutation à titre gratuit, à concurrence des trois quarts de leur montant, en faveur des successions et donations intéressant les propriétés non bâties qui ne sont pas de nature de bois et forêts et situées dans les sites NATURA 2000, les zones centrales des parcs nationaux, les réserves naturelles, les sites classés et les espaces naturels remarquables du littoral;Droits d'enregistrement et de timbre;Écologie, développement et mobilité durables;113;Paysages, eau et biodiversité;Sans objet;Sans objet;Sans objet;Sans objet;Sans objet;Sans objet;12;10;12
520121;Exonération au bénéfice du donataire des dons ouvrant droit, pour le donateur, à la réduction d'impôt sur la fortune immobilière;Droits d'enregistrement et de timbre;Sport, jeunesse et vie associative;163;Jeunesse et vie associative;Recherche et enseignement supérieur;150;Formations supérieures et recherche universitaire;Sans objet;Sans objet;Sans objet;98;90;98
520122;Exonération de droits de mutation des successions des policiers, des gendarmes et des agents des douanes décédés dans l'accomplissement de leur mission;Droits d'enregistrement et de timbre;Sécurités;176;Police nationale;Sécurités;152;Gendarmerie nationale;Sans objet;Sans objet;Sans objet;ε;ε;ε
520123;Exonération de droits de succession sur les immeubles non bâtis ou les droits portant sur ces immeubles, de faible valeur et indivis au sein d'une parcelle cadastrale, pour lesquels le droit de propriété du défunt n'a pas été constaté avant son décès, sous condition de reconstitution des titres de propriété;Droits d'enregistrement et de timbre;Cohésion des territoires;112;Impulsion et coordination de la politique d'aménagement du territoire;Sans objet;Sans objet;Sans objet;Sans objet;Sans objet;Sans objet;nc;nc;nc
520126;Exonération partielle de droits de mutation à titre gratuit des immeubles et droits immobiliers, à concurrence de 50 % de leur valeur, à raison de la première transmission à titre gratuit postérieure à la reconstitution des titres de propriété y afférents et régulièrement constatés entre le 1er octobre 2014 et la 31 décembre 2027;Droits d'enregistrement et de timbre;Cohésion des territoires;112;Impulsion et coordination de la politique d'aménagement du territoire;Sans objet;Sans objet;Sans objet;Sans objet;Sans objet;Sans objet;nc;nc;nc
520127;Exonération de droits de mutation des dons en numéraires reçus par les victimes d'actes terroristes ou, en cas de décès, par leurs proches et des dons numéraires reçus par les militaires, policiers, gendarmes, sapeurs-pompiers ou agents des douanes blessés en opération ou, en cas de décès, par leurs proches;Droits d'enregistrement et de timbre;Justice;101;Accès au droit et à la justice;Sécurités;152;Gendarmerie nationale;Sécurités;161;Sécurité civile;nc;nc;nc
520128;Exonération temporaire de certaines mutations portant sur les immeubles et les droits immobiliers situés à Mayotte réalisées entre le 1er janvier 2018 et le 31 décembre 2025;Droits d'enregistrement et de timbre;Outre-mer;123;Conditions de vie outre-mer;Sans objet;Sans objet;Sans objet;Sans objet;Sans objet;Sans objet;nc;nc;nc
520130;Exonération de droits de mutation par décès de la transmission résultant des restitutions aux ayants-droit du défunt des biens qui lui ont été spoliés dans le contexte des persécutions antisémites perpétrées entre le 30 janvier 1933 et le 8 mai 1945;Droits d'enregistrement et de timbre;Anciens combattants, mémoire et liens avec la Nation;158;Indemnisation des victimes des persécutions antisémites et des actes de barbarie pendant la seconde guerre mondiale;Sans objet;Sans objet;Sans objet;Sans objet;Sans objet;Sans objet;-;création;nc
520201;Abattement effectué sur l'actif taxable aux droits de mutation revenant à tout héritier, légataire ou donataire handicapé physique ou mental;Droits d'enregistrement et de timbre;Solidarité, insertion et égalité des chances;157;Handicap et dépendance;Sans objet;Sans objet;Sans objet;Sans objet;Sans objet;Sans objet;100;100;100
520209;Abattement de 500 000 € sur la valeur du fonds ou de la clientèle d’une entreprise individuelle ou de parts ou actions de société pour la liquidation des droits de mutation à titre gratuit en cas de donations aux salariés;Droits d'enregistrement et de timbre;Économie;134;Développement des entreprises et régulations;Sans objet;Sans objet;Sans objet;Sans objet;Sans objet;Sans objet;nc;nc;nc
520302;Réduction de droits en raison de la qualité du donataire ou de l'héritier (mutilé, etc.);Droits d'enregistrement et de timbre;Anciens combattants, mémoire et liens avec la Nation;169;Reconnaissance et réparation en faveur du monde combattant, mémoire et liens avec la Nation;Solidarité, insertion et égalité des chances;157;Handicap et dépendance;Sans objet;Sans objet;Sans objet;ε;ε;ε
520401;Déduction de l'actif successoral des rentes ou indemnités versées ou dues en réparation de dommages corporels liés à un accident ou une maladie;Droits d'enregistrement et de timbre;Santé;183;Protection maladie;Sans objet;Sans objet;Sans objet;Sans objet;Sans objet;Sans objet;nc;nc;nc
520402;Déduction de l'actif successoral des frais de reconstitution de titres de propriété d'immeubles ou de droits immobiliers pour lesquels le droit de propriété du défunt n'a pas été constaté avant son décès, sous condition de reconstitution des titres de propriété;Droits d'enregistrement et de timbre;Cohésion des territoires;112;Impulsion et coordination de la politique d'aménagement du territoire;Sans objet;Sans objet;Sans objet;Sans objet;Sans objet;Sans objet;nc;nc;nc
520403;Déduction de la valeur déclarée d'immeubles ou de droits immobiliers transmis par donation, des frais de reconstitution des titres de propriété y afférents engagés dans les vingt-quatre mois précédant la donation et mis à la charge du donateur par le notaire, sous condition de reconstitution des titres de propriété.;Droits d'enregistrement et de timbre;Cohésion des territoires;112;Impulsion et coordination de la politique d'aménagement du territoire;Sans objet;Sans objet;Sans objet;Sans objet;Sans objet;Sans objet;nc;nc;nc
530101;Application d’un droit fixe de 125 € pour les transferts de biens de toute nature opérés entre organismes HLM, sociétés de crédit immobilier ou leurs unions, sociétés d’économie mixte exerçant une activité de construction ou de gestion dans le secteur du logement social au sens de l’article L. 411-1 du code de la construction et de l’habitation et organismes bénéficiant de l’agrément maîtrise d’ouvrage (article L. 365-2 du code de la construction et de l’habitation);Droits d'enregistrement et de timbre;Cohésion des territoires;135;Urbanisme, territoires et amélioration de l'habitat;Sans objet;Sans objet;Sans objet;Sans objet;Sans objet;Sans objet;nc;nc;nc
530102;Application d'un droit fixe au lieu de la taxe de publicité foncière sur la transmission de biens appartenant à un organisme d'intérêt public au profit d'un établissement reconnu d'utilité publique effectuée dans un but d'intérêt général ou de bonne administration;Droits d'enregistrement et de timbre;Économie;305;Stratégies économiques;Cohésion des territoires;177;Hébergement, parcours vers le logement et insertion des personnes vulnérables;Sans objet;Sans objet;Sans objet;nc;nc;nc
530202;Exonération des acquisitions d'actions de sociétés d'économie mixte et de fonds de commerce par les collectivités locales ou certains établissements publics;Droits d'enregistrement et de timbre;Cohésion des territoires;135;Urbanisme, territoires et amélioration de l'habitat;Sans objet;Sans objet;Sans objet;Sans objet;Sans objet;Sans objet;nc;nc;nc
530203;Exonération des cessions de parts de fonds communs de placement à risques, de certains fonds professionnels spécialisés, de fonds professionnels de capital investissement et de sociétés de libre partenariat;Droits d'enregistrement et de timbre;Économie;134;Développement des entreprises et régulations;Sans objet;Sans objet;Sans objet;Sans objet;Sans objet;Sans objet;43;40;43
530206;Exonération du droit budgétaire de 2 % de mutation pour les acquisitions de fonds de commerce dans certaines zones prioritaires d'aménagement du territoire;Droits d'enregistrement et de timbre;Cohésion des territoires;112;Impulsion et coordination de la politique d'aménagement du territoire;Sans objet;Sans objet;Sans objet;Sans objet;Sans objet;Sans objet;nc;nc;nc
530207;Application du droit d’enregistrement de 0,1 % pour les actes constatant les cessions d’actions de sociétés d’économie mixte exerçant une activité de construction ou de gestion de logements sociaux, d’organismes d’HLM ou de certaines sociétés foncières solidaires;Droits d'enregistrement et de timbre;Cohésion des territoires;135;Urbanisme, territoires et amélioration de l'habitat;Sans objet;Sans objet;Sans objet;Sans objet;Sans objet;Sans objet;48;4;6
530208;Exonération des acquisitions et des cessions réalisées par les SAFER.;Droits d'enregistrement et de timbre;Agriculture, alimentation, forêt et affaires rurales;149;Compétitivité et durabilité de l'agriculture, de l'agroalimentaire et de la forêt;Sans objet;Sans objet;Sans objet;Sans objet;Sans objet;Sans objet;2;2;2
530212;Application d’un abattement de 500 000 € sur la valeur du fonds ou de la clientèle en cas de cession en pleine propriété de fonds artisanaux, de fonds de commerce, de fonds agricoles ou de clientèles d’une entreprise individuelle ou de parts ou actions de société;Droits d'enregistrement et de timbre;Économie;134;Développement des entreprises et régulations;Sans objet;Sans objet;Sans objet;Sans objet;Sans objet;Sans objet;nc;nc;nc
530213;Exonération des cessions de droits sociaux résultant des opérations de pension portant sur des titres financiers;Droits d'enregistrement et de timbre;Engagements financiers de l'État;145;Épargne;Sans objet;Sans objet;Sans objet;Sans objet;Sans objet;Sans objet;nc;nc;nc
530214;Exonération des acquisitions de droits sociaux réalisées dans le cadre du rachat de ses propres titres par une société destinés à être cédés aux adhérents d’un plan d’épargne entreprise;Droits d'enregistrement et de timbre;Engagements financiers de l'État;145;Épargne;Sans objet;Sans objet;Sans objet;Sans objet;Sans objet;Sans objet;nc;nc;nc
530215;Exonération des acquisitions de droits sociaux de sociétés en difficulté ou entre sociétés d’un même groupe;Droits d'enregistrement et de timbre;Économie;134;Développement des entreprises et régulations;Sans objet;Sans objet;Sans objet;Sans objet;Sans objet;Sans objet;nc;nc;nc
530216;Régimes spéciaux bénéficiant aux groupements et sociétés à objet agricole;Droits d'enregistrement et de timbre;Agriculture, alimentation, forêt et affaires rurales;149;Compétitivité et durabilité de l'agriculture, de l'agroalimentaire et de la forêt;Sans objet;Sans objet;Sans objet;Sans objet;Sans objet;Sans objet;nc;nc;nc
530217;Exonération des cessions de fonds agricoles;Droits d'enregistrement et de timbre;Agriculture, alimentation, forêt et affaires rurales;149;Compétitivité et durabilité de l'agriculture, de l'agroalimentaire et de la forêt;Sans objet;Sans objet;Sans objet;Sans objet;Sans objet;Sans objet;nc;nc;nc
530218;Exonération des cessions de parts ou d’actions des organismes de placement collectif immobilier et des organismes professionnels de placement collectif immobilier;Droits d'enregistrement et de timbre;Engagements financiers de l'État;145;Épargne;Sans objet;Sans objet;Sans objet;Sans objet;Sans objet;Sans objet;nc;nc;nc
550102;Exonération du droit de 2,50% sur les actes de partage des copropriétés;Droits d'enregistrement et de timbre;Cohésion des territoires;135;Urbanisme, territoires et amélioration de l'habitat;Sans objet;Sans objet;Sans objet;Sans objet;Sans objet;Sans objet;ε;ε;ε
550104;Exonération du droit de partage de 2,5 % pour les actes de partage de succession et les licitations de biens héréditaires survenus entre le 1er janvier 2017 et le 31 décembre 2027 à hauteur de la valeur des immeubles situés en Corse;Droits d'enregistrement et de timbre;Cohésion des territoires;112;Impulsion et coordination de la politique d'aménagement du territoire;Sans objet;Sans objet;Sans objet;Sans objet;Sans objet;Sans objet;nc;nc;nc
550105;Exonération du droit de partage de 2,5% à hauteur de la valeur des immeubles situés dans les collectivités régies par l'article 73 de la Constitution, dans les collectivités de Saint-Barthélemy, de Saint-Martin et de Saint-Pierre-et-Miquelon pour les partages de succession et les licitations de biens héréditaires établis entre le 1er janvier 2018 et le 31 décembre 2038;Droits d'enregistrement et de timbre;Outre-mer;123;Conditions de vie outre-mer;Sans objet;Sans objet;Sans objet;Sans objet;Sans objet;Sans objet;nc;nc;nc
550106;Exonération des rachats de parts de fonds communs de placement et de parts de fonds de placement immobilier;Droits d'enregistrement et de timbre;Engagements financiers de l'État;145;Épargne;Sans objet;Sans objet;Sans objet;Sans objet;Sans objet;Sans objet;nc;nc;nc
570202;Gratuité de l’enregistrement applicable à certaines opérations concernant les sociétés transparentes et les sociétés civiles immobilières régies par l'article L. 443-6-2 et suivants du Code de la construction et de l'habitation;Droits d'enregistrement et de timbre;Cohésion des territoires;135;Urbanisme, territoires et amélioration de l'habitat;Sans objet;Sans objet;Sans objet;Sans objet;Sans objet;Sans objet;nc;nc;nc
580102;Suppression du prélèvement de 20 % sur les capitaux décès lorsque le bénéficiaire est exonéré de droit de mutation à titre gratuit;Droits d'enregistrement et de timbre;Culture;175;Patrimoines;Sans objet;Sans objet;Sans objet;Sans objet;Sans objet;Sans objet;105;95;105
580103;Application d'un abattement d'assiette proportionnel de 20% aux contrats d'assurance-vie en unités de compte dénommés "vie-génération" dont les actifs sont investis en partie dans le logement social ou intermédiaire, l'économie sociale et solidaire, le capital-risque ou dans des entreprises de taille intermédiaire;Droits d'enregistrement et de timbre;Engagements financiers de l'État;145;Épargne;Sans objet;Sans objet;Sans objet;Sans objet;Sans objet;Sans objet;ε;ε;ε
590101;Exonérations de taxe d’archéologie préventive;Droits d'enregistrement et de timbre;Culture;175;Patrimoines;Sans objet;Sans objet;Sans objet;Sans objet;Sans objet;Sans objet;nc;nc;nc
710101;Exonération des transports maritimes de personnes et de marchandises en Guadeloupe, en Martinique et à La Réunion;Taxe sur la valeur ajoutée;Outre-mer;123;Conditions de vie outre-mer;Sans objet;Sans objet;Sans objet;Sans objet;Sans objet;Sans objet;ε;ε;ε
710102;Exonération de certains produits et matières premières ainsi que des produits pétroliers en Guadeloupe, en Martinique et à La Réunion;Taxe sur la valeur ajoutée;Outre-mer;138;Emploi outre-mer;Sans objet;Sans objet;Sans objet;Sans objet;Sans objet;Sans objet;115;110;115
710103;Niveau des taux en Guadeloupe, en Martinique et à La Réunion (8,5 % pour le taux normal et 2,1 % pour le taux réduit);Taxe sur la valeur ajoutée;Outre-mer;123;Conditions de vie outre-mer;Sans objet;Sans objet;Sans objet;Sans objet;Sans objet;Sans objet;1940;1530;1950
710105;Non applicabilité provisoire de la TVA en Guyane et à Mayotte;Taxe sur la valeur ajoutée;Outre-mer;138;Emploi outre-mer;Sans objet;Sans objet;Sans objet;Sans objet;Sans objet;Sans objet;160;125;160
710107;Exonération de TVA des ventes et importations de riz à La Réunion;Taxe sur la valeur ajoutée;Outre-mer;138;Emploi outre-mer;Sans objet;Sans objet;Sans objet;Sans objet;Sans objet;Sans objet;ε;ε;ε
710108;Exonération des livraisons de biens dans certaines communes de Guadeloupe ou de Martinique réalisées auprès des touristes effectuant une croisière;Taxe sur la valeur ajoutée;Outre-mer;123;Conditions de vie outre-mer;Sans objet;Sans objet;Sans objet;Sans objet;Sans objet;Sans objet;-;ε;ε
710109;Exclusion de la base d'imposition des marges commerciales sur la distribution de tabac en Guadeloupe, en Martinique et à La Réunion;Taxe sur la valeur ajoutée;Gestion des finances publiques;302;Facilitation et sécurisation des échanges;Sans objet;Sans objet;Sans objet;Sans objet;Sans objet;Sans objet;17;25;17
710110;Taux de 2,10 % applicable à certaines opérations relatives au logement social outre-mer qui sont éligibles soit aux prêts locatifs sociaux, soit au crédit d’impôt sur les sociétés en faveur de l’investissement dans les logements neufs outre-mer;Taxe sur la valeur ajoutée;Outre-mer;123;Conditions de vie outre-mer;Sans objet;Sans objet;Sans objet;Sans objet;Sans objet;Sans objet;15;16;15
720106;Exonération des associations intermédiaires conventionnées, visées à l'article L. 5132-7 du code du travail dont la gestion est désintéressée;Taxe sur la valeur ajoutée;Travail et emploi;102;Accès et retour à l'emploi;Cohésion des territoires;177;Hébergement, parcours vers le logement et insertion des personnes vulnérables;Sans objet;Sans objet;Sans objet;20;20;20
720107;Exonération des services rendus aux personnes physiques par les associations agréées en application de l'article L. 7232-1 du code du travail;Taxe sur la valeur ajoutée;Travail et emploi;103;Accompagnement des mutations économiques et développement de l'emploi;Solidarité, insertion et égalité des chances;157;Handicap et dépendance;Solidarité, insertion et égalité des chances;304;Inclusion sociale et protection des personnes;235;320;240
720108;Exonération des prestations de services et des livraisons de biens qui leur sont étroitement liées, effectuées dans le cadre de la garde d'enfants par les établissements visés aux deux premiers alinéas de l'article L. 2324-1 du code de la santé publique et assurant l'accueil des enfants de moins de trois ans;Taxe sur la valeur ajoutée;Travail et emploi;103;Accompagnement des mutations économiques et développement de l'emploi;Solidarité, insertion et égalité des chances;137;Égalité entre les femmes et les hommes;Solidarité, insertion et égalité des chances;304;Inclusion sociale et protection des personnes;55;55;55
720201;Exonération de la partie du trajet effectué à l'intérieur de l'espace maritime national pour les transports aériens ou maritimes de personnes et de marchandises en provenance ou à destination de la Corse;Taxe sur la valeur ajoutée;Cohésion des territoires;112;Impulsion et coordination de la politique d'aménagement du territoire;Sans objet;Sans objet;Sans objet;Sans objet;Sans objet;Sans objet;3;3;3
720203;Exonération des publications des collectivités publiques et des organismes à but non lucratif;Taxe sur la valeur ajoutée;Sport, jeunesse et vie associative;163;Jeunesse et vie associative;Médias, livre et industries culturelles;180;Presse et médias;Sans objet;Sans objet;Sans objet;ε;-;-
720206;Exonération avec droit à déduction de la vente des produits de leur pêche par les pêcheurs et armateurs à la pêche, à l'exception des pêcheurs en eau douce;Taxe sur la valeur ajoutée;Écologie, développement et mobilité durables;205;Affaires maritimes, pêche et aquaculture;Sans objet;Sans objet;Sans objet;Sans objet;Sans objet;Sans objet;2;2;2
720207;Exonération de TVA sur les objets d'art, de collection et d'antiquité, importés par les établissements agréés par le ministre chargé des affaires culturelles;Taxe sur la valeur ajoutée;Culture;175;Patrimoines;Sans objet;Sans objet;Sans objet;Sans objet;Sans objet;Sans objet;2;1;2
730205;Taux de 10 % pour les prestations d’hébergement fournies dans le cadre du secteur hôtelier ou de secteurs ayant une fonction similaire et pour les locations de logements meublés à usage résidentiel assorties de prestations annexes;Taxe sur la valeur ajoutée;Économie;134;Développement des entreprises et régulations;Sans objet;Sans objet;Sans objet;Sans objet;Sans objet;Sans objet;465;440;470
730206;Taux de 10% applicable à la fourniture de logements dans les terrains de camping classés;Taxe sur la valeur ajoutée;Économie;134;Développement des entreprises et régulations;Sans objet;Sans objet;Sans objet;Sans objet;Sans objet;Sans objet;151;136;152
730207;Taux de 10% pour les recettes provenant de la fourniture des repas par les cantines d'entreprises ou d'administrations;Taxe sur la valeur ajoutée;Travail et emploi;111;Amélioration de la qualité de l'emploi et des relations du travail;Enseignement scolaire;230;Vie de l'élève;Recherche et enseignement supérieur;231;Vie étudiante;171;159;172
730208;Taux de 10% pour les prestations de soins dispensées par les établissements thermaux autorisés;Taxe sur la valeur ajoutée;Santé;204;Prévention, sécurité sanitaire et offre de soins;Sans objet;Sans objet;Sans objet;Sans objet;Sans objet;Sans objet;11;10;11
730210;Taux de 10 % dans le secteur du logement locatif social pour les opérations qui ne sont pas éligibles au taux réduit de 5,5 %;Taxe sur la valeur ajoutée;Cohésion des territoires;135;Urbanisme, territoires et amélioration de l'habitat;Sans objet;Sans objet;Sans objet;Sans objet;Sans objet;Sans objet;460;nc;460
730212;Taux de 10% applicable aux engrais, aux amendements calcaires et produits phytopharmaceutiques utilisables en agriculture biologique et aux matières fertilisantes ou supports de culture d'origine organique agricole;Taxe sur la valeur ajoutée;Agriculture, alimentation, forêt et affaires rurales;149;Compétitivité et durabilité de l'agriculture, de l'agroalimentaire et de la forêt;Sans objet;Sans objet;Sans objet;Sans objet;Sans objet;Sans objet;2;2;2
730213;Taux de 10 % pour les travaux d’amélioration, de transformation, d’aménagement et d’entretien, autres que les travaux de rénovation énergétiques soumis au taux de 5,5 % en application de l’article 278-0 bis A, portant sur les logements achevés depuis plus de deux ans;Taxe sur la valeur ajoutée;Cohésion des territoires;135;Urbanisme, territoires et amélioration de l'habitat;Sans objet;Sans objet;Sans objet;Sans objet;Sans objet;Sans objet;2150;2240;2170
730214;Taux de 10% pour les services d'aide à la personne fournis par des associations, des entreprises ou des organismes déclarés en application de l'article L. 7232-1-1 du code du travail;Taxe sur la valeur ajoutée;Travail et emploi;103;Accompagnement des mutations économiques et développement de l'emploi;Solidarité, insertion et égalité des chances;157;Handicap et dépendance;Solidarité, insertion et égalité des chances;304;Inclusion sociale et protection des personnes;74;76;78
730216;Taux de 5,5 % dans le secteur de l’accession sociale à la propriété et dans le secteur du logement locatif social pour les logements financés par un prêt locatif aidé d’intégration (PLAI), pour les logements financés par un prêt locatif à usage social (PLUS) lorsqu’ils relèvent de la politique de renouvellement urbain, ainsi que pour certains travaux portant sur ces logements ou participant au renouvellement urbain;Taxe sur la valeur ajoutée;Cohésion des territoires;135;Urbanisme, territoires et amélioration de l'habitat;Sans objet;Sans objet;Sans objet;Sans objet;Sans objet;Sans objet;490;nc;495
730218;Taux de 5,5% pour la fourniture par réseaux d'énergie calorifique d'origine renouvelable;Taxe sur la valeur ajoutée;Écologie, développement et mobilité durables;174;Énergie, climat et après-mines;Sans objet;Sans objet;Sans objet;Sans objet;Sans objet;Sans objet;62;44;62
730221;Taux de 10% pour la restauration commerciale (consommation sur place et vente à emporter en vue d'une consommation immédiate);Taxe sur la valeur ajoutée;Économie;134;Développement des entreprises et régulations;Sans objet;Sans objet;Sans objet;Sans objet;Sans objet;Sans objet;2000;1536;2015
730222;Taux de 10 % pour les ventes et livraisons à soi-même, à des investisseurs dotés de la personnalité morale, de logements locatifs intermédiaires situés dans des zones caractérisées par un déséquilibre important entre l’offre et la demande de logement ou en cours de revitalisation et de réindustrialisation, lorsqu’ils répondent à des critères de mixité avec des logements locatifs sociaux, ainsi que pour les livraisons de logements locatifs intermédiaires à l’association foncière logement, ou aux sociétés qu’elle contrôle, lorsqu’ils sont situés dans des quartiers ciblés de la politique de la ville ou à leur proximité;Taxe sur la valeur ajoutée;Cohésion des territoires;135;Urbanisme, territoires et amélioration de l'habitat;Sans objet;Sans objet;Sans objet;Sans objet;Sans objet;Sans objet;125;110;160
730223;Taux de 5,5% pour les travaux d'amélioration de la qualité énergétique des locaux à usage d'habitation achevés depuis plus de deux ans ainsi que sur les travaux induits qui leur sont indissociablement liés;Taxe sur la valeur ajoutée;Cohésion des territoires;135;Urbanisme, territoires et amélioration de l'habitat;Écologie, développement et mobilité durables;174;Énergie, climat et après-mines;Sans objet;Sans objet;Sans objet;970;1010;975
730224;Taux de 5,5 % pour les droits d’entrée aux réunions sportives;Taxe sur la valeur ajoutée;Sport, jeunesse et vie associative;219;Sport;Sans objet;Sans objet;Sans objet;Sans objet;Sans objet;Sans objet;122;60;123
730226;Taux de 5,5 % applicable aux prestations de collecte séparée, de collecte en déchetterie, de tri et de valorisation matière des déchets des ménages et assimilés;Taxe sur la valeur ajoutée;Écologie, développement et mobilité durables;181;Prévention des risques;Sans objet;Sans objet;Sans objet;Sans objet;Sans objet;Sans objet;67;47;68
730227;Taux de 5,5 % dans le secteur social et médico-social;Taxe sur la valeur ajoutée;Solidarité, insertion et égalité des chances;157;Handicap et dépendance;Sans objet;Sans objet;Sans objet;Sans objet;Sans objet;Sans objet;nc;nc;nc
730228;Taux de 5,5 % applicable aux livraisons d'œuvres d'art ou d'objets de collection ou d'antiquité, sauf lorsqu’elles sont soumises au régime particulier de la marge bénéficiaire;Taxe sur la valeur ajoutée;Culture;175;Patrimoines;Sans objet;Sans objet;Sans objet;Sans objet;Sans objet;Sans objet;56;nc;57
730230;Taux de 10 % applicable aux droits d’admission aux expositions, sites et installations à caractère culturel, ludique, éducatif et professionnel ainsi qu’aux loteries foraines;Taxe sur la valeur ajoutée;Culture;131;Création;Sans objet;Sans objet;Sans objet;Sans objet;Sans objet;Sans objet;205;190;205
730231;Taux de 5,5 % applicable aux droits d’entrée dans les théâtres, les cirques, les concerts, les spectacles de variété, les salles de cinéma, les parcs zoologiques et les compétitions de jeux vidéos;Taxe sur la valeur ajoutée;Culture;131;Création;Sans objet;Sans objet;Sans objet;Sans objet;Sans objet;Sans objet;315;280;320
730232;Taux de 10 % applicable aux livraisons de bois de chauffage et produits de bois assimilés;Taxe sur la valeur ajoutée;Agriculture, alimentation, forêt et affaires rurales;149;Compétitivité et durabilité de l'agriculture, de l'agroalimentaire et de la forêt;Sans objet;Sans objet;Sans objet;Sans objet;Sans objet;Sans objet;107;80;108
730233;Taux de 10 % applicable aux abonnements souscrits pour recevoir des services de télévision;Taxe sur la valeur ajoutée;Médias, livre et industries culturelles;180;Presse et médias;Sans objet;Sans objet;Sans objet;Sans objet;Sans objet;Sans objet;160;175;160
730234;Taux de 5,5 % pour les prestations de pose, d’installation et d’entretien d’infrastructures de recharge pour véhicules électriques;Taxe sur la valeur ajoutée;Écologie, développement et mobilité durables;174;Énergie, climat et après-mines;Sans objet;Sans objet;Sans objet;Sans objet;Sans objet;Sans objet;3;3;3
730235;Taux de 5,5 % pour l'enseignement et la pratique de l’équitation, les animations et les activités de démonstration aux fins de découverte de l'environnement équestre et de familiarisation avec celui-ci ainsi que l'accès aux installations sportives destinées à l'utilisation des équidés;Taxe sur la valeur ajoutée;Agriculture, alimentation, forêt et affaires rurales;149;Compétitivité et durabilité de l'agriculture, de l'agroalimentaire et de la forêt;Sans objet;Sans objet;Sans objet;Sans objet;Sans objet;Sans objet;-;création;65
730301;Taux de 2,10 % applicable aux droits d'entrée des 140 premières représentations de certains spectacles;Taxe sur la valeur ajoutée;Culture;131;Création;Sans objet;Sans objet;Sans objet;Sans objet;Sans objet;Sans objet;39;33;39
730302;Taux de 2,10 % applicable aux ventes d'animaux de boucherie et de charcuterie à des personnes non assujetties à la TVA;Taxe sur la valeur ajoutée;Agriculture, alimentation, forêt et affaires rurales;149;Compétitivité et durabilité de l'agriculture, de l'agroalimentaire et de la forêt;Sans objet;Sans objet;Sans objet;Sans objet;Sans objet;Sans objet;3;3;3
730305;Taux de 2,10 % applicable aux publications de presse;Taxe sur la valeur ajoutée;Médias, livre et industries culturelles;180;Presse et médias;Sans objet;Sans objet;Sans objet;Sans objet;Sans objet;Sans objet;57;60;57
730306;Taux particuliers applicables à divers produits et services consommés ou utilisés en Corse;Taxe sur la valeur ajoutée;Cohésion des territoires;112;Impulsion et coordination de la politique d'aménagement du territoire;Sans objet;Sans objet;Sans objet;Sans objet;Sans objet;Sans objet;197;140;198
740102;Franchise en base pour les avocats et les avocats au Conseil d'Etat et à la Cour de cassation dont le chiffre d'affaires n'excède pas la limite fixée au III de l'article 293 B du CGI;Taxe sur la valeur ajoutée;Justice;101;Accès au droit et à la justice;Sans objet;Sans objet;Sans objet;Sans objet;Sans objet;Sans objet;7;4;7
740103;Franchise en base pour les auteurs et les interprètes des oeuvres de l'esprit dont le chiffre d'affaires n'excède pas la limite fixée au III de l'article 293 B du CGI;Taxe sur la valeur ajoutée;Culture;131;Création;Sans objet;Sans objet;Sans objet;Sans objet;Sans objet;Sans objet;6;3;6
740105;Franchise en base pour les activités lucratives accessoires des associations sans but lucratif lorsque les recettes correspondantes n'excèdent pas un seuil de chiffre d'affaires, indexé, chaque année, sur la prévision de l'indice des prix à la consommation, hors tabac, retenue dans le projet de loi de finances de l'année;Taxe sur la valeur ajoutée;Sport, jeunesse et vie associative;163;Jeunesse et vie associative;Cohésion des territoires;177;Hébergement, parcours vers le logement et insertion des personnes vulnérables;Sans objet;Sans objet;Sans objet;65;85;65
800117;Tarif réduit (nul) pour les produits énergétiques (hors gaz naturels et charbons) utilisés pour la navigation intérieure à des fins commerciales ou pour les besoins des autorités publiques;Accise sur les énergies;Écologie, développement et mobilité durables;203;Infrastructures et services de transports;Sans objet;Sans objet;Sans objet;Sans objet;Sans objet;Sans objet;49;52;49
800118;Tarif particulier (nul) pour divers gaz à usage combustible (gaz de houille, gaz à l'eau, gaz pauvres et gaz similaires);Accise sur les énergies;Écologie, développement et mobilité durables;203;Infrastructures et services de transports;Sans objet;Sans objet;Sans objet;Sans objet;Sans objet;Sans objet;nc;nc;nc
800119;Tarif réduit (nul) pour les produits énergétiques (hors gaz naturels et charbons) destinés aux moteurs d'aéronefs et de navires lorsqu'ils sont utilisés dans le cadre de la construction, du développement, de la mise au point, des essais ou de l'entretien des aéronefs et navires et de leurs moteurs;Accise sur les énergies;Écologie, développement et mobilité durables;203;Infrastructures et services de transports;Sans objet;Sans objet;Sans objet;Sans objet;Sans objet;Sans objet;23;20;23
800120;Tarif réduit (nul) pour les gazoles et essences consommés pour les besoins de la propulsion des véhicules d’incendie et de secours;Accise sur les énergies;Sécurités;161;Sécurité civile;Sans objet;Sans objet;Sans objet;Sans objet;Sans objet;Sans objet;-;création;30
800201;Tarif réduit des gazoles non routiers autres que celui utilisé pour les usages agricoles;Accise sur les énergies;Écologie, développement et mobilité durables;174;Énergie, climat et après-mines;Sans objet;Sans objet;Sans objet;Sans objet;Sans objet;Sans objet;1238;777;1050
800209;Tarif réduit (remboursement) pour les gazoles utilisés pour les engins à l’arrêt équipant les véhicules de transport de marchandises et les véhicules à usages spéciaux (dépanneuses, camions-grues…);Accise sur les énergies;Écologie, développement et mobilité durables;203;Infrastructures et services de transports;Sans objet;Sans objet;Sans objet;Sans objet;Sans objet;Sans objet;N/A;N/A;N/A
800210;Tarifs réduits pour les produits énergétiques (hors gaz naturels et charbons) utilisés dans les installations grandes consommatrices d’énergie et soumises au régime des quotas d’émission de gaz à effet de serre du dispositif ETS (niveau d'intensité énergétique au moins égal à 3 % en valeur de production ou 0,5 % en valeur ajoutée);Accise sur les énergies;Écologie, développement et mobilité durables;174;Énergie, climat et après-mines;Sans objet;Sans objet;Sans objet;Sans objet;Sans objet;Sans objet;7;-;-
800211;Tarif réduit pour les produits énergétiques (hors gaz naturels et charbons) utilisés dans les installations grandes consommatrices d’énergie exerçant une activité considérée comme fortement exposée à la concurrence internationale (niveau d'intensité énergétique au moins égal à 3 % en valeur de production ou 0,5 % en valeur ajoutée);Accise sur les énergies;Écologie, développement et mobilité durables;174;Énergie, climat et après-mines;Sans objet;Sans objet;Sans objet;Sans objet;Sans objet;Sans objet;2;-;-
800212;Tarif particulier pour l'E10, carburant essence pouvant contenir jusqu’à 10 % d’éthanol;Accise sur les énergies;Écologie, développement et mobilité durables;174;Énergie, climat et après-mines;Sans objet;Sans objet;Sans objet;Sans objet;Sans objet;Sans objet;152;146;152
800214;Tarif particulier pour le carburant ED95, carburant diesel comportant entre 90 % et 95 % d’éthanol;Accise sur les énergies;Écologie, développement et mobilité durables;203;Infrastructures et services de transports;Sans objet;Sans objet;Sans objet;Sans objet;Sans objet;Sans objet;1;1;1
800215;Tarif particulier pour le B100, carburant diesel synthétisé à partir d'acides gras;Accise sur les énergies;Écologie, développement et mobilité durables;174;Énergie, climat et après-mines;Sans objet;Sans objet;Sans objet;Sans objet;Sans objet;Sans objet;97;64;97
800216;Tarif particulier pour le superéthanol  E85, carburant essence comprenant au moins 65 % d'éthanol;Accise sur les énergies;Écologie, développement et mobilité durables;174;Énergie, climat et après-mines;Sans objet;Sans objet;Sans objet;Sans objet;Sans objet;Sans objet;431;483;431
800220;Tarif réduit (remboursement) pour les carburants utilisés par les taxis;Accise sur les énergies;Écologie, développement et mobilité durables;203;Infrastructures et services de transports;Écologie, développement et mobilité durables;174;Énergie, climat et après-mines;Sans objet;Sans objet;Sans objet;50;67;50
800221;Tarif réduit (remboursement) pour les gazoles utilisés comme carburant par les véhicules routiers de transport de marchandises d'au moins 7,5 tonnes;Accise sur les énergies;Écologie, développement et mobilité durables;203;Infrastructures et services de transports;Sans objet;Sans objet;Sans objet;Sans objet;Sans objet;Sans objet;1272;1353;1272
800222;Tarif réduit (remboursement) pour les gazoles utilisés comme carburant des véhicules de transport public collectif de voyageurs;Accise sur les énergies;Écologie, développement et mobilité durables;203;Infrastructures et services de transports;Sans objet;Sans objet;Sans objet;Sans objet;Sans objet;Sans objet;183;175;183
800224;Tarif réduit (remboursement) pour les gazoles utilisés dans les massifs montagneux pour le damage des pistes et le déneigement des voies ouvertes à la circulation publique;Accise sur les énergies;Écologie, développement et mobilité durables;203;Infrastructures et services de transports;Sans objet;Sans objet;Sans objet;Sans objet;Sans objet;Sans objet;-;nc;nc
800225;Tarif réduit pour les gazoles utilisés pour le transport ferroviaire de personnes ou de marchandises sur le réseau ferré national;Accise sur les énergies;Écologie, développement et mobilité durables;203;Infrastructures et services de transports;Sans objet;Sans objet;Sans objet;Sans objet;Sans objet;Sans objet;-;60;60
800226;Tarif réduit pour les gazoles utilisés pour réaliser des travaux statiques ou de terrassement pour les besoins de certaines activités extractives soumises à une forte concurrence internationale (niveau d'intensité énergétique de l'entreprise au moins égal à 3 % en valeur de production ou 0,5 % en valeur ajoutée);Accise sur les énergies;Écologie, développement et mobilité durables;174;Énergie, climat et après-mines;Sans objet;Sans objet;Sans objet;Sans objet;Sans objet;Sans objet;-;9;9
800227;Tarif réduit pour les gazoles utilisés pour réaliser des travaux statiques ou de terrassement pour les besoins de l'activité de manutention portuaire dans les ports maritimes et certains ports fluviaux exposés à la concurrence internationale (niveau d'intensité énergétique de l'entreprise au moins égal à 3 % en valeur de production ou 0,5 % en valeur ajoutée);Accise sur les énergies;Écologie, développement et mobilité durables;203;Infrastructures et services de transports;Sans objet;Sans objet;Sans objet;Sans objet;Sans objet;Sans objet;-;4;4
800228;Minoration de tarif  pour les essences commercialisées en Corse;Accise sur les énergies;Cohésion des territoires;112;Impulsion et coordination de la politique d'aménagement du territoire;Sans objet;Sans objet;Sans objet;Sans objet;Sans objet;Sans objet;1;1;1
800229;Tarif réduit (remboursement) pour les gazoles, les fiouls lourds et les gaz de pétrole liquéfiés utilisés pour les travaux agricoles et forestiers;Accise sur les énergies;Agriculture, alimentation, forêt et affaires rurales;149;Compétitivité et durabilité de l'agriculture, de l'agroalimentaire et de la forêt;Sans objet;Sans objet;Sans objet;Sans objet;Sans objet;Sans objet;1135;1627;1135
800401;Réduction du champ de l'accise sur les produits énergétiques à usage carburants, dans les collectivités régies par l'article 73 de la Constitution, aux seuls essences et gazoles et faculté pour ces collectivités de minorer les tarifs;Accise sur les énergies;Outre-mer;123;Conditions de vie outre-mer;Sans objet;Sans objet;Sans objet;Sans objet;Sans objet;Sans objet;1158;2022;1158
820201;Tarifs réduits pour l'électricité consommée par les installations industrielles exploitées par des entreprises electro-intensives relevant de secteurs fortement exposés à la concurrence internationale (niveau d'électro-intensité au moins égal à 0,5 %);Accise sur les énergies;Économie;134;Développement des entreprises et régulations;Sans objet;Sans objet;Sans objet;Sans objet;Sans objet;Sans objet;2;N/A;73
820202;Tarif réduit pour l’électricité consommée par les installations hyperélectro-intensives (niveau d'électro-intensité au moins égal à 13,5 %);Accise sur les énergies;Économie;134;Développement des entreprises et régulations;Sans objet;Sans objet;Sans objet;Sans objet;Sans objet;Sans objet;ε;N/A;63
820203;Tarif réduit pour l’électricité consommée par les installations industrielles situées au sein de sites industriels électro-intensifs ou d'entreprises industrielles électro-intensives;Accise sur les énergies;Économie;134;Développement des entreprises et régulations;Sans objet;Sans objet;Sans objet;Sans objet;Sans objet;Sans objet;3;N/A;342
820204;Tarif réduit pour l’électricité consommée par les transports collectifs ferroviaires et routiers (train, métro, tramway, câble, autobus hybride rechargeable et électrique, trolleybus);Accise sur les énergies;Écologie, développement et mobilité durables;203;Infrastructures et services de transports;Sans objet;Sans objet;Sans objet;Sans objet;Sans objet;Sans objet;ε;N/A;123
820205;Tarif réduit pour l’électricité consommée par les exploitants d'aérodromes électro-intensifs ouverts à la circulation aérienne publique (niveau d'électro-intensivité au moins égal à 0,5%);Accise sur les énergies;Écologie, développement et mobilité durables;203;Infrastructures et services de transports;Sans objet;Sans objet;Sans objet;Sans objet;Sans objet;Sans objet;N/A;N/A;1
820206;Tarif réduit pour l’électricité consommée par les centres de stockage de données numériques performants sur le plan énergétique;Accise sur les énergies;Économie;134;Développement des entreprises et régulations;Sans objet;Sans objet;Sans objet;Sans objet;Sans objet;Sans objet;ε;N/A;32
820207;Tarif réduit pour l’électricité directement fournie, lors de leur stationnement à quai dans les ports, aux navires utilisés à des fins commerciales ou pour les besoins des autorités publiques;Accise sur les énergies;Écologie, développement et mobilité durables;203;Infrastructures et services de transports;Sans objet;Sans objet;Sans objet;Sans objet;Sans objet;Sans objet;ε;N/A;ε
820208;Tarif réduit pour l'électricité consommée pour les besoins de l'activité de manutention portuaire dans les ports maritimes et certains ports fluviaux exposés à la concurrence internationale (niveau d'intensité énergétique au moins égal à 3 % en valeur de production ou 0,5 % en valeur ajoutée);Accise sur les énergies;Écologie, développement et mobilité durables;205;Affaires maritimes, pêche et aquaculture;Sans objet;Sans objet;Sans objet;Sans objet;Sans objet;Sans objet;-;N/A;ε
820209;Tarif réduit pour l'électricité fournie aux aéronefs lors de leur stationnement dans les aérodromes ouverts à la circulation aérienne publique;Accise sur les énergies;Écologie, développement et mobilité durables;203;Infrastructures et services de transports;Sans objet;Sans objet;Sans objet;Sans objet;Sans objet;Sans objet;-;N/A;nc
830101;Tarif particulier (nul) de l'usage combustible du biogaz non injecté dans le réseau de gaz naturel;Accise sur les énergies;Écologie, développement et mobilité durables;174;Énergie, climat et après-mines;Sans objet;Sans objet;Sans objet;Sans objet;Sans objet;Sans objet;4;11;4
830201;Tarif réduit pour les gaz naturels consommés comme combustible dans les installations grandes consommatrices d’énergie et soumises au régime des quotas d’émission de gaz à effet de serre du dispositif ETS pour les installations fixes (niveau d'intensité énergétique au moins égal à 3 % en valeur de production ou 0,5 % en valeur ajoutée);Accise sur les énergies;Écologie, développement et mobilité durables;174;Énergie, climat et après-mines;Sans objet;Sans objet;Sans objet;Sans objet;Sans objet;Sans objet;363;872;668
830202;Tarif réduit pour les gaz naturels consommés comme combustible dans les installations grandes consommatrices d'énergie exerçant une activité considérée comme fortement exposée à la concurrence internationale (niveau d'intensité énergétique au moins égal à 3 % en valeur de production ou 0,5 % en valeur ajoutée);Accise sur les énergies;Écologie, développement et mobilité durables;174;Énergie, climat et après-mines;Sans objet;Sans objet;Sans objet;Sans objet;Sans objet;Sans objet;48;117;110
830203;Tarif réduit sur les gaz naturels consommés comme combustibles pour les besoins de la déshydratation de légumes et plantes aromatiques;Accise sur les énergies;Agriculture, alimentation, forêt et affaires rurales;149;Compétitivité et durabilité de l'agriculture, de l'agroalimentaire et de la forêt;Sans objet;Sans objet;Sans objet;Sans objet;Sans objet;Sans objet;1;ε;1
830204;Tarif réduit (remboursement) pour les gaz naturels utilisés comme carburants ou combustibles pour les travaux agricoles et forestiers;Accise sur les énergies;Agriculture, alimentation, forêt et affaires rurales;149;Compétitivité et durabilité de l'agriculture, de l'agroalimentaire et de la forêt;Sans objet;Sans objet;Sans objet;Sans objet;Sans objet;Sans objet;3;15;3
840101;Tarif réduit (nul) pour les charbons consommés pour les besoins de la valorisation de la biomasse par les entreprises soumises au régime des quotas d'émision de gaz à effet de serre du dispositif ETS (ou à un dispositif poursuivant des objectifs équivalents) et dont les achats de combustibles et d'électricité utilisés pour cette valorisation représentent au moins 3 % de leur valeur de production;Accise sur les énergies;Écologie, développement et mobilité durables;174;Énergie, climat et après-mines;Sans objet;Sans objet;Sans objet;Sans objet;Sans objet;Sans objet;2;1;2
840201;Tarif réduit pour les charbons consommés dans les installations grandes consommatrices d’énergie et soumises au régime des quotas d’émission de gaz à effet de serre du dispositif ETS pour les installations fixes (niveau d'intensité énergétique au moins égal à 3 % en valeur de production ou 0,5 % en valeur ajoutée);Accise sur les énergies;Écologie, développement et mobilité durables;174;Énergie, climat et après-mines;Sans objet;Sans objet;Sans objet;Sans objet;Sans objet;Sans objet;22;14;12
840202;Tarif réduit pour les charbons consommés dans les installations grandes consommatrices d'énergie exerçant une activité considérée comme fortement exposée à la concurrence internationale;Accise sur les énergies;Écologie, développement et mobilité durables;174;Énergie, climat et après-mines;Sans objet;Sans objet;Sans objet;Sans objet;Sans objet;Sans objet;N/A;-;-
900101;Crédit d’impôt (prélèvement sur le produit brut des jeux dans les casinos) au titre des manifestations artistiques de qualité organisées par les casinos durant la saison des jeux;Autres droits;Culture;131;Création;Sans objet;Sans objet;Sans objet;Sans objet;Sans objet;Sans objet;9;classement;10
930101;Exonération pour les véhicules utilisés pour certains services publiques et missions d'intérêt général (la défense nationale, la protection civile, la lutte contre les incendies, les secours, le maintien de l’ordre et l’entretien des voies de circulation);Autres droits;Écologie, développement et mobilité durables;203;Infrastructures et services de transports;Sans objet;Sans objet;Sans objet;Sans objet;Sans objet;Sans objet;nc;nc;nc
930102;Exonération pour les véhicules de collection;Autres droits;Écologie, développement et mobilité durables;203;Infrastructures et services de transports;Sans objet;Sans objet;Sans objet;Sans objet;Sans objet;Sans objet;nc;nc;nc
930103;Exonération pour les véhicules utilisés pour les besoins des jeux et manèges forains, des cirques, des centres équestres et des activités agricoles ou forestières;Autres droits;Écologie, développement et mobilité durables;203;Infrastructures et services de transports;Sans objet;Sans objet;Sans objet;Sans objet;Sans objet;Sans objet;nc;nc;nc
940101;Exonération pour les véhicules accessibles en fauteuil roulant et pour les véhicules acquis par les personnes titulaires d'une carte d'invalidité;Autres droits;Solidarité, insertion et égalité des chances;157;Handicap et dépendance;Sans objet;Sans objet;Sans objet;Sans objet;Sans objet;Sans objet;ε;ε;ε
940102;Exonération pour les véhicules dont la source d’énergie est exclusivement l'électricité, l'hydrogène ou une combinaison des deux;Autres droits;Écologie, développement et mobilité durables;174;Énergie, climat et après-mines;Sans objet;Sans objet;Sans objet;Sans objet;Sans objet;Sans objet;298;nc;986
940103;Exonération pour les véhicules de tourisme pour les véhicules hybrides électriques présentant une autonomie en mode tout électrique supérieure à 50 km;Autres droits;Écologie, développement et mobilité durables;174;Énergie, climat et après-mines;Sans objet;Sans objet;Sans objet;Sans objet;Sans objet;Sans objet;312;nc;988
940104;Exonération pour les véhicules exclusivement affectés aux missions de protection des services d’incendie et de secours et des associations agréées de protection civile;Autres droits;Sécurités;161;Sécurité civile;Sans objet;Sans objet;Sans objet;Sans objet;Sans objet;Sans objet;nc;nc;nc
940201;Réduction de la masse en ordre de marche, prise en compte dans le tarif de la taxe, à hauteur de 200 kg par enfant à charge ou accueilli au titre de l’aide sociale, lorsque le nombre d’enfants au sein du foyer est d’au moins trois;Autres droits;Solidarité, insertion et égalité des chances;304;Inclusion sociale et protection des personnes;Sans objet;Sans objet;Sans objet;Sans objet;Sans objet;Sans objet;1;1;1
940202;Réduction de la masse en ordre de marche, prise en compte dans le tarif de la taxe, à hauteur de 500 kg pour les véhicules comportant au moins huit places assises dont disposent les personnes morales;Autres droits;Écologie, développement et mobilité durables;174;Énergie, climat et après-mines;Sans objet;Sans objet;Sans objet;Sans objet;Sans objet;Sans objet;27;ε;70
940203;Minoration du montant de la taxe de manière à ce que, cumulé avec le malus CO2, il n’excède pas le montant maximal dudit malus;Autres droits;Écologie, développement et mobilité durables;174;Énergie, climat et après-mines;Sans objet;Sans objet;Sans objet;Sans objet;Sans objet;Sans objet;nc;nc;nc
940204;Abattement de malus masse au profit des véhicules hybrides non rechargeables et des véhicules hybrides rechargeables moins performants;Autres droits;Écologie, développement et mobilité durables;174;Énergie, climat et après-mines;Sans objet;Sans objet;Sans objet;Sans objet;Sans objet;Sans objet;-;création;39
970102;Exonération  pour les véhicules accessibles en fauteuil roulant et pour les véhicules acquis par les personnes titulaires d'une carte d'invalidité;Autres droits;Solidarité, insertion et égalité des chances;157;Handicap et dépendance;Sans objet;Sans objet;Sans objet;Sans objet;Sans objet;Sans objet;ε;nc;ε
970103;Réduction des émissions de CO2, ou de la puissance administrative, prises en compte dans le barème du malus à hauteur de 40 %, ou de deux CV, pour certains véhicules de tourisme dont la source d'énergie comprend le superéthanol E85;Autres droits;Écologie, développement et mobilité durables;174;Énergie, climat et après-mines;Sans objet;Sans objet;Sans objet;Sans objet;Sans objet;Sans objet;38;ε;31
970104;Réduction des émissions, ou de la puissance administrative, prises en compte dans le barème du malus à hauteur de 20 grammes par kilomètre, ou d'un CV, par enfant à charge ou accueilli au titre de l’aide sociale, lorsque le nombre d’enfants au sein du foyer est d’au moins trois;Autres droits;Écologie, développement et mobilité durables;174;Énergie, climat et après-mines;Sans objet;Sans objet;Sans objet;Sans objet;Sans objet;Sans objet;19;16;23
970105;Réduction des émissions, ou de la puissance administrative, prises en compte dans le barème du malus à hauteur de 80 grammes par kilomètre, ou de 4 CV, pour les véhicules comportant au moins 8 places assises dont disposent les personnes morales;Autres droits;Écologie, développement et mobilité durables;174;Énergie, climat et après-mines;Sans objet;Sans objet;Sans objet;Sans objet;Sans objet;Sans objet;205;nc;580
970106;Plafonnement à 50 % du prix des véhicules;Autres droits;Écologie, développement et mobilité durables;174;Énergie, climat et après-mines;Sans objet;Sans objet;Sans objet;Sans objet;Sans objet;Sans objet;nc;-;-
970107;Exonération pour les véhicules exclusivement affectés aux missions de protection des services d’incendie et de secours et des associations agréées de protection civile;Autres droits;Sécurités;161;Sécurité civile;Sans objet;Sans objet;Sans objet;Sans objet;Sans objet;Sans objet;nc;nc;nc
990101;Déductibilité de la composante "émissions dans l'air" des contributions ou dons de toute nature versés aux associations agréées de surveillance de la qualité de l’air;Autres droits;Écologie, développement et mobilité durables;174;Énergie, climat et après-mines;Sans objet;Sans objet;Sans objet;Sans objet;Sans objet;Sans objet;25;24;23
990201;Tarif réduit de la composante "déchets" pour la réception de résidus à haut pouvoir calorifique issus des opérations de tri performantes dans une installation de valorisation énergétique dont le rendement excède 0,7;Autres droits;Écologie, développement et mobilité durables;181;Prévention des risques;Sans objet;Sans objet;Sans objet;Sans objet;Sans objet;Sans objet;ε;ε;1
990202;Tarifs réduits de la composante « déchets » pour les collectivités d'outre-mer relevant de l'article 73 de la Constitution;Autres droits;Écologie, développement et mobilité durables;181;Prévention des risques;Sans objet;Sans objet;Sans objet;Sans objet;Sans objet;Sans objet;20;19;21
990301;Exonération des réceptions de déchets non dangereux par les installations de co-incinération;Autres droits;Écologie, développement et mobilité durables;181;Prévention des risques;Sans objet;Sans objet;Sans objet;Sans objet;Sans objet;Sans objet;4;5;2
